color1,size1,ori1,dir_mouth1,RealClass,DisplayClass1,DisplayClass2,correct,value1,value2,conf_report,block_type,assoc_type,block
1,1,0,0,2,1,2,y,0,1,0,CO,0,1
1,1,0,1,2,2,1,b,1,0,0,CO,0,1
0,1,1,1,2,2,1,b,1,0,0,CO,0,1
1,1,1,1,1,2,1,y,0,1,0,CO,0,1
1,1,0,0,2,2,1,b,1,0,0,CO,0,1
1,1,0,1,2,2,1,b,1,0,0,CO,0,1
1,1,1,1,1,1,2,b,1,0,0,CO,0,1
1,1,0,1,2,2,1,b,1,0,0,CO,0,1
0,1,0,0,1,2,1,y,0,1,0,CO,0,1
1,1,1,1,1,2,1,y,0,1,0,CO,0,1
1,1,0,1,2,2,1,b,1,0,0,CO,0,1
0,1,1,1,2,1,2,y,0,1,0,CO,0,1
0,1,1,1,2,1,2,y,0,1,0,CO,0,1
0,1,0,1,1,2,1,y,0,1,0,CO,0,1
0,1,1,0,2,2,1,b,1,0,0,CO,0,1
1,1,1,1,1,2,1,y,0,1,0,CO,0,1
0,1,1,0,2,1,2,y,0,1,0,CO,0,1
1,1,1,1,1,2,1,y,0,1,0,CO,0,1
0,1,1,1,2,1,2,y,0,1,0,CO,0,1
0,1,1,1,2,1,2,y,0,1,0,CO,0,1
0,1,1,0,2,2,1,b,1,0,0,CO,0,1
0,1,0,0,1,2,1,y,0,1,0,CO,0,1
1,1,1,0,1,2,1,y,0,1,0,CO,0,1
0,1,1,1,2,2,1,b,1,0,0,CO,0,1
0,1,0,1,1,2,1,y,0,1,0,CO,0,1
0,1,0,0,1,2,1,y,0,1,0,CO,0,1
1,1,1,0,1,2,1,y,0,1,0,CO,0,1
1,1,0,1,2,2,1,b,1,0,0,CO,0,1
0,1,1,0,2,2,1,b,1,0,0,CO,0,1
0,1,1,0,2,2,1,b,1,0,0,CO,0,1
1,1,1,1,1,2,1,y,0,1,0,CO,0,1
0,1,1,0,2,1,2,y,0,1,0,CO,0,1
1,1,0,0,2,2,1,b,1,0,0,CO,0,1
0,1,1,1,2,1,2,y,0,1,0,CO,0,1
0,1,0,1,1,2,1,y,0,1,0,CO,0,1
1,1,1,0,1,1,2,b,1,0,0,CO,0,1
0,1,1,0,2,2,1,b,1,0,0,CO,0,1
0,1,0,0,1,1,2,b,1,0,0,CO,0,1
0,1,0,0,1,1,2,b,1,0,0,CO,0,1
1,1,0,1,2,1,2,y,0,1,0,CO,0,1
0,1,0,1,1,2,1,y,0,1,0,CO,0,1
1,1,0,0,2,2,1,b,1,0,0,CO,0,1
0,1,1,0,2,2,1,b,1,0,0,CO,0,1
1,1,1,0,1,2,1,y,0,1,0,CO,0,1
0,1,1,1,2,1,2,y,0,1,0,CO,0,1
1,1,0,1,2,2,1,b,1,0,0,CO,0,1
0,1,0,0,1,2,1,y,0,1,0,CO,0,1
1,1,0,1,2,1,2,y,0,1,0,CO,0,1
1,1,1,0,1,2,1,y,0,1,0,CO,0,1
1,1,1,0,1,2,1,y,0,1,0,CO,0,1
0,1,1,0,2,2,1,b,1,0,0,CO,0,1
1,1,1,1,1,1,2,b,1,0,0,CO,0,1
1,1,1,0,1,2,1,y,0,1,0,CO,0,1
0,1,1,1,2,1,2,y,0,1,0,CO,0,1
1,1,0,1,2,2,1,b,1,0,0,CO,0,1
0,1,1,0,2,2,1,b,1,0,0,CO,0,1
0,1,0,0,1,2,1,y,0,1,0,CO,0,1
1,1,0,0,2,2,1,b,1,0,0,CO,0,1
0,1,0,1,1,1,2,b,1,0,0,CO,0,1
1,1,1,0,1,2,1,y,0,1,0,CO,0,1
0,1,0,1,1,2,1,y,0,1,0,CO,0,1
1,1,0,0,2,2,1,b,1,0,0,CO,0,1
1,1,0,0,2,1,2,y,0,1,0,CO,0,1
1,1,1,1,1,1,2,b,1,0,0,CO,0,1
0,1,0,1,1,1,2,b,1,0,0,CO,0,1
0,1,0,0,1,2,1,y,0,1,0,CO,0,1
0,1,0,1,1,2,1,y,0,1,0,CO,0,1
0,1,1,1,2,1,2,y,0,1,0,CO,0,1
1,1,0,0,2,1,2,y,0,1,0,CO,0,1
1,1,1,1,1,1,2,b,1,0,0,CO,0,1
1,1,0,0,2,1,2,y,0,1,0,CO,0,1
1,1,1,1,1,2,1,y,0,1,0,CO,0,1
1,1,1,0,1,1,2,b,1,0,0,CO,0,1
1,1,0,0,2,2,1,b,1,0,0,CO,0,1
0,1,0,0,1,2,1,y,0,1,0,CO,0,1
0,1,0,0,1,2,1,y,0,1,0,CO,0,1
1,1,0,1,2,2,1,b,1,0,0,CO,0,1
0,1,0,1,1,2,1,y,0,1,0,CO,0,1
0,1,0,1,1,2,1,y,0,1,0,CO,0,1
1,1,1,0,1,1,2,b,1,0,0,CO,0,1
1,1,0,0,3,3,4,b,1,0,0,CO,2,2
1,1,0,0,3,3,4,b,1,0,0,CO,2,2
0,1,1,0,3,3,4,b,1,0,0,CO,2,2
1,1,1,0,3,4,3,y,0,1,0,CO,2,2
0,1,1,0,3,3,4,b,1,0,0,CO,2,2
0,1,1,1,3,3,4,b,1,0,0,CO,2,2
0,1,0,1,3,3,4,b,1,0,0,CO,2,2
1,1,0,1,3,4,3,y,0,1,0,CO,2,2
0,1,1,1,3,4,3,y,0,1,0,CO,2,2
1,1,1,1,3,3,4,b,1,0,0,CO,2,2
0,1,0,0,3,3,4,b,1,0,0,CO,2,2
0,1,0,0,3,4,3,y,0,1,0,CO,2,2
1,1,0,0,3,4,3,y,0,1,0,CO,2,2
0,1,0,1,3,4,3,y,0,1,0,CO,2,2
0,1,0,1,3,4,3,y,0,1,0,CO,2,2
0,1,1,1,3,3,4,b,1,0,0,CO,2,2
0,1,0,0,3,4,3,y,0,1,0,CO,2,2
1,1,1,1,3,4,3,y,0,1,0,CO,2,2
0,1,1,0,3,3,4,b,1,0,0,CO,2,2
1,1,1,0,3,4,3,y,0,1,0,CO,2,2
0,1,0,1,3,4,3,y,0,1,0,CO,2,2
1,1,1,0,3,3,4,b,1,0,0,CO,2,2
1,1,0,1,3,3,4,b,1,0,0,CO,2,2
1,1,0,1,3,4,3,y,0,1,0,CO,2,2
0,1,0,1,3,3,4,b,1,0,0,CO,2,2
0,1,1,0,3,4,3,y,0,1,0,CO,2,2
1,1,1,0,3,4,3,y,0,1,0,CO,2,2
1,1,1,0,3,3,4,b,1,0,0,CO,2,2
1,1,0,1,3,3,4,b,1,0,0,CO,2,2
1,1,0,0,3,4,3,y,0,1,0,CO,2,2
0,1,1,0,3,4,3,y,0,1,0,CO,2,2
1,1,0,1,3,3,4,b,1,0,0,CO,2,2
0,1,0,0,3,3,4,b,1,0,0,CO,2,2
1,1,1,0,3,4,3,y,0,1,0,CO,2,2
1,1,1,0,3,4,3,y,0,1,0,CO,2,2
1,1,1,0,3,4,3,y,0,1,0,CO,2,2
1,1,1,1,3,4,3,y,0,1,0,CO,2,2
0,1,0,0,3,3,4,b,1,0,0,CO,2,2
0,1,1,0,3,3,4,b,1,0,0,CO,2,2
0,1,1,0,3,4,3,y,0,1,0,CO,2,2
1,1,1,1,3,3,4,b,1,0,0,CO,2,2
1,1,1,1,3,4,3,y,0,1,0,CO,2,2
1,1,0,1,3,3,4,b,1,0,0,CO,2,2
1,1,0,0,3,4,3,y,0,1,0,CO,2,2
0,1,0,0,3,4,3,y,0,1,0,CO,2,2
0,1,0,0,3,4,3,y,0,1,0,CO,2,2
1,1,1,0,3,4,3,y,0,1,0,CO,2,2
1,1,0,0,3,3,4,b,1,0,0,CO,2,2
0,1,0,1,3,3,4,b,1,0,0,CO,2,2
0,1,1,0,3,4,3,y,0,1,0,CO,2,2
1,1,1,1,3,4,3,y,0,1,0,CO,2,2
0,1,0,1,3,4,3,y,0,1,0,CO,2,2
0,1,1,1,3,4,3,y,0,1,0,CO,2,2
1,1,1,1,3,4,3,y,0,1,0,CO,2,2
0,1,0,1,3,4,3,y,0,1,0,CO,2,2
0,1,1,1,3,3,4,b,1,0,0,CO,2,2
0,1,0,0,3,4,3,y,0,1,0,CO,2,2
0,1,1,0,3,3,4,b,1,0,0,CO,2,2
0,1,1,1,3,3,4,b,1,0,0,CO,2,2
0,1,0,0,3,4,3,y,0,1,0,CO,2,2
0,1,0,0,3,3,4,b,1,0,0,CO,2,2
0,1,1,1,3,3,4,b,1,0,0,CO,2,2
1,1,0,1,3,4,3,y,0,1,0,CO,2,2
1,1,0,0,3,4,3,y,0,1,0,CO,2,2
1,1,0,0,3,3,4,b,1,0,0,CO,2,2
0,1,1,1,3,3,4,b,1,0,0,CO,2,2
0,1,0,1,3,4,3,y,0,1,0,CO,2,2
1,1,0,1,3,3,4,b,1,0,0,CO,2,2
0,1,1,1,3,3,4,b,1,0,0,CO,2,2
1,1,1,1,3,3,4,b,1,0,0,CO,2,2
1,1,1,0,3,4,3,y,0,1,0,CO,2,2
0,1,1,0,3,3,4,b,1,0,0,CO,2,2
1,1,0,1,3,4,3,y,0,1,0,CO,2,2
1,1,0,0,3,4,3,y,0,1,0,CO,2,2
0,1,0,1,3,4,3,y,0,1,0,CO,2,2
1,1,1,1,3,3,4,b,1,0,0,CO,2,2
1,1,1,1,3,4,3,y,0,1,0,CO,2,2
1,1,0,1,3,4,3,y,0,1,0,CO,2,2
1,1,0,0,3,4,3,y,0,1,0,CO,2,2
0,1,1,1,3,4,3,y,0,1,0,CO,2,2
1,1,1,0,5,5,6,b,1,0,0,OD,2,3
1,1,1,0,5,5,6,b,1,0,0,OD,2,3
0,1,0,0,5,6,5,y,0,1,0,OD,2,3
0,1,0,0,5,5,6,b,1,0,0,OD,2,3
0,1,1,0,5,5,6,b,1,0,0,OD,2,3
1,1,1,0,5,6,5,y,0,1,0,OD,2,3
0,1,0,1,5,5,6,b,1,0,0,OD,2,3
1,1,1,1,5,6,5,y,0,1,0,OD,2,3
1,1,0,1,5,5,6,b,1,0,0,OD,2,3
1,1,1,0,5,5,6,b,1,0,0,OD,2,3
0,1,0,1,5,5,6,b,1,0,0,OD,2,3
1,1,1,1,5,6,5,y,0,1,0,OD,2,3
0,1,1,0,5,6,5,y,0,1,0,OD,2,3
0,1,0,1,5,6,5,y,0,1,0,OD,2,3
1,1,0,0,5,5,6,b,1,0,0,OD,2,3
0,1,1,1,5,6,5,y,0,1,0,OD,2,3
1,1,1,1,5,6,5,y,0,1,0,OD,2,3
1,1,0,0,5,6,5,y,0,1,0,OD,2,3
1,1,0,1,5,6,5,y,0,1,0,OD,2,3
0,1,1,0,5,5,6,b,1,0,0,OD,2,3
0,1,0,0,5,6,5,y,0,1,0,OD,2,3
1,1,0,0,5,6,5,y,0,1,0,OD,2,3
1,1,0,0,5,5,6,b,1,0,0,OD,2,3
1,1,1,0,5,6,5,y,0,1,0,OD,2,3
1,1,0,0,5,5,6,b,1,0,0,OD,2,3
1,1,0,0,5,5,6,b,1,0,0,OD,2,3
1,1,1,0,5,6,5,y,0,1,0,OD,2,3
0,1,0,1,5,5,6,b,1,0,0,OD,2,3
0,1,0,1,5,6,5,y,0,1,0,OD,2,3
0,1,0,0,5,6,5,y,0,1,0,OD,2,3
1,1,0,0,5,5,6,b,1,0,0,OD,2,3
1,1,0,0,5,5,6,b,1,0,0,OD,2,3
0,1,0,0,5,6,5,y,0,1,0,OD,2,3
1,1,1,1,5,5,6,b,1,0,0,OD,2,3
0,1,1,1,5,6,5,y,0,1,0,OD,2,3
1,1,0,1,5,6,5,y,0,1,0,OD,2,3
0,1,0,0,5,5,6,b,1,0,0,OD,2,3
0,1,1,1,5,6,5,y,0,1,0,OD,2,3
1,1,0,0,5,5,6,b,1,0,0,OD,2,3
1,1,0,1,5,6,5,y,0,1,0,OD,2,3
1,1,1,1,5,5,6,b,1,0,0,OD,2,3
1,1,0,1,5,5,6,b,1,0,0,OD,2,3
1,1,1,1,5,5,6,b,1,0,0,OD,2,3
1,1,1,1,5,5,6,b,1,0,0,OD,2,3
0,1,1,1,5,6,5,y,0,1,0,OD,2,3
1,1,0,1,5,5,6,b,1,0,0,OD,2,3
0,1,1,1,5,6,5,y,0,1,0,OD,2,3
1,1,0,0,5,5,6,b,1,0,0,OD,2,3
0,1,0,1,5,5,6,b,1,0,0,OD,2,3
0,1,1,1,5,5,6,b,1,0,0,OD,2,3
0,1,0,1,5,5,6,b,1,0,0,OD,2,3
0,1,0,1,5,5,6,b,1,0,0,OD,2,3
1,1,1,0,5,5,6,b,1,0,0,OD,2,3
0,1,0,0,5,6,5,y,0,1,0,OD,2,3
0,1,1,0,5,6,5,y,0,1,0,OD,2,3
0,1,1,0,5,5,6,b,1,0,0,OD,2,3
0,1,1,1,5,6,5,y,0,1,0,OD,2,3
0,1,1,0,5,5,6,b,1,0,0,OD,2,3
1,1,1,1,5,5,6,b,1,0,0,OD,2,3
1,1,1,1,5,5,6,b,1,0,0,OD,2,3
0,1,1,1,5,6,5,y,0,1,0,OD,2,3
1,1,0,1,5,5,6,b,1,0,0,OD,2,3
0,1,0,0,5,6,5,y,0,1,0,OD,2,3
0,1,0,1,5,6,5,y,0,1,0,OD,2,3
0,1,1,0,5,6,5,y,0,1,0,OD,2,3
1,1,0,1,5,5,6,b,1,0,0,OD,2,3
1,1,1,0,5,5,6,b,1,0,0,OD,2,3
1,1,0,1,5,5,6,b,1,0,0,OD,2,3
0,1,0,1,5,5,6,b,1,0,0,OD,2,3
0,1,0,0,5,5,6,b,1,0,0,OD,2,3
0,1,1,0,5,6,5,y,0,1,0,OD,2,3
1,1,1,0,5,6,5,y,0,1,0,OD,2,3
0,1,1,1,5,5,6,b,1,0,0,OD,2,3
1,1,1,0,5,5,6,b,1,0,0,OD,2,3
0,1,1,0,5,6,5,y,0,1,0,OD,2,3
0,1,1,0,5,5,6,b,1,0,0,OD,2,3
0,1,1,1,5,6,5,y,0,1,0,OD,2,3
1,1,1,1,5,5,6,b,1,0,0,OD,2,3
0,1,0,0,5,5,6,b,1,0,0,OD,2,3
1,1,0,1,5,5,6,b,1,0,0,OD,2,3
1,1,1,1,7,8,7,y,0,1,0,CO,0,4
1,1,0,0,8,8,7,b,1,0,0,CO,0,4
0,1,1,1,8,7,8,y,0,1,0,CO,0,4
1,1,1,1,7,8,7,y,0,1,0,CO,0,4
0,1,0,1,7,8,7,y,0,1,0,CO,0,4
0,1,1,0,8,8,7,b,1,0,0,CO,0,4
1,1,0,1,8,7,8,y,0,1,0,CO,0,4
1,1,1,1,7,7,8,b,1,0,0,CO,0,4
0,1,0,1,7,7,8,b,1,0,0,CO,0,4
0,1,0,0,7,8,7,y,0,1,0,CO,0,4
0,1,0,1,7,7,8,b,1,0,0,CO,0,4
0,1,0,1,7,8,7,y,0,1,0,CO,0,4
1,1,0,1,8,7,8,y,0,1,0,CO,0,4
0,1,1,1,8,8,7,b,1,0,0,CO,0,4
1,1,0,1,8,8,7,b,1,0,0,CO,0,4
1,1,0,0,8,7,8,y,0,1,0,CO,0,4
0,1,1,0,8,7,8,y,0,1,0,CO,0,4
1,1,1,0,7,8,7,y,0,1,0,CO,0,4
0,1,0,0,7,8,7,y,0,1,0,CO,0,4
0,1,0,1,7,7,8,b,1,0,0,CO,0,4
0,1,0,1,7,7,8,b,1,0,0,CO,0,4
0,1,1,1,8,7,8,y,0,1,0,CO,0,4
1,1,1,0,7,8,7,y,0,1,0,CO,0,4
0,1,1,1,8,8,7,b,1,0,0,CO,0,4
1,1,0,1,8,8,7,b,1,0,0,CO,0,4
1,1,0,1,8,8,7,b,1,0,0,CO,0,4
1,1,1,0,7,8,7,y,0,1,0,CO,0,4
0,1,1,0,8,7,8,y,0,1,0,CO,0,4
0,1,1,0,8,7,8,y,0,1,0,CO,0,4
1,1,0,0,8,8,7,b,1,0,0,CO,0,4
1,1,0,1,8,8,7,b,1,0,0,CO,0,4
1,1,1,1,7,7,8,b,1,0,0,CO,0,4
0,1,0,0,7,8,7,y,0,1,0,CO,0,4
1,1,0,0,8,7,8,y,0,1,0,CO,0,4
0,1,1,0,8,8,7,b,1,0,0,CO,0,4
0,1,0,0,7,7,8,b,1,0,0,CO,0,4
0,1,0,0,7,8,7,y,0,1,0,CO,0,4
0,1,0,1,7,8,7,y,0,1,0,CO,0,4
0,1,1,0,8,8,7,b,1,0,0,CO,0,4
0,1,0,1,7,8,7,y,0,1,0,CO,0,4
0,1,0,0,7,7,8,b,1,0,0,CO,0,4
1,1,0,0,8,7,8,y,0,1,0,CO,0,4
1,1,0,0,8,7,8,y,0,1,0,CO,0,4
1,1,1,1,7,8,7,y,0,1,0,CO,0,4
0,1,1,1,8,8,7,b,1,0,0,CO,0,4
1,1,1,0,7,8,7,y,0,1,0,CO,0,4
0,1,1,1,8,7,8,y,0,1,0,CO,0,4
0,1,1,0,8,8,7,b,1,0,0,CO,0,4
0,1,1,0,8,8,7,b,1,0,0,CO,0,4
0,1,1,1,8,8,7,b,1,0,0,CO,0,4
1,1,1,0,7,8,7,y,0,1,0,CO,0,4
1,1,0,0,8,7,8,y,0,1,0,CO,0,4
0,1,1,0,8,8,7,b,1,0,0,CO,0,4
1,1,1,0,7,7,8,b,1,0,0,CO,0,4
1,1,1,0,7,7,8,b,1,0,0,CO,0,4
0,1,1,0,8,7,8,y,0,1,0,CO,0,4
1,1,1,1,7,7,8,b,1,0,0,CO,0,4
0,1,0,0,7,7,8,b,1,0,0,CO,0,4
1,1,0,0,8,7,8,y,0,1,0,CO,0,4
0,1,0,0,7,8,7,y,0,1,0,CO,0,4
0,1,0,1,7,8,7,y,0,1,0,CO,0,4
1,1,0,1,8,8,7,b,1,0,0,CO,0,4
1,1,0,1,8,8,7,b,1,0,0,CO,0,4
0,1,0,1,7,7,8,b,1,0,0,CO,0,4
1,1,1,0,7,7,8,b,1,0,0,CO,0,4
1,1,1,1,7,7,8,b,1,0,0,CO,0,4
1,1,1,0,7,8,7,y,0,1,0,CO,0,4
1,1,1,0,7,8,7,y,0,1,0,CO,0,4
1,1,0,0,8,8,7,b,1,0,0,CO,0,4
0,1,1,1,8,8,7,b,1,0,0,CO,0,4
1,1,0,1,8,8,7,b,1,0,0,CO,0,4
0,1,1,1,8,7,8,y,0,1,0,CO,0,4
0,1,0,0,7,8,7,y,0,1,0,CO,0,4
1,1,1,1,7,8,7,y,0,1,0,CO,0,4
1,1,1,1,7,8,7,y,0,1,0,CO,0,4
1,1,0,0,8,8,7,b,1,0,0,CO,0,4
0,1,0,0,7,8,7,y,0,1,0,CO,0,4
0,1,1,1,8,8,7,b,1,0,0,CO,0,4
1,1,1,1,7,7,8,b,1,0,0,CO,0,4
1,1,0,1,8,8,7,b,1,0,0,CO,0,4
1,1,0,1,9,9,10,b,1,0,0,CO,2,5
1,1,1,1,9,10,9,y,0,1,0,CO,2,5
1,1,0,1,9,9,10,b,1,0,0,CO,2,5
1,1,0,1,9,10,9,y,0,1,0,CO,2,5
1,1,1,1,9,9,10,b,1,0,0,CO,2,5
0,1,1,0,9,9,10,b,1,0,0,CO,2,5
0,1,1,1,9,9,10,b,1,0,0,CO,2,5
1,1,1,1,9,10,9,y,0,1,0,CO,2,5
0,1,1,1,9,10,9,y,0,1,0,CO,2,5
1,1,1,0,9,9,10,b,1,0,0,CO,2,5
1,1,1,1,9,10,9,y,0,1,0,CO,2,5
0,1,1,1,9,9,10,b,1,0,0,CO,2,5
0,1,1,1,9,10,9,y,0,1,0,CO,2,5
1,1,1,1,9,10,9,y,0,1,0,CO,2,5
0,1,0,1,9,10,9,y,0,1,0,CO,2,5
1,1,0,0,9,10,9,y,0,1,0,CO,2,5
0,1,1,0,9,9,10,b,1,0,0,CO,2,5
0,1,0,0,9,9,10,b,1,0,0,CO,2,5
0,1,0,1,9,9,10,b,1,0,0,CO,2,5
0,1,0,0,9,10,9,y,0,1,0,CO,2,5
0,1,0,1,9,10,9,y,0,1,0,CO,2,5
1,1,0,1,9,10,9,y,0,1,0,CO,2,5
0,1,1,0,9,9,10,b,1,0,0,CO,2,5
1,1,0,1,9,10,9,y,0,1,0,CO,2,5
0,1,0,0,9,9,10,b,1,0,0,CO,2,5
1,1,0,0,9,10,9,y,0,1,0,CO,2,5
0,1,0,1,9,9,10,b,1,0,0,CO,2,5
1,1,1,0,9,10,9,y,0,1,0,CO,2,5
0,1,1,1,9,10,9,y,0,1,0,CO,2,5
0,1,0,0,9,9,10,b,1,0,0,CO,2,5
1,1,1,1,9,9,10,b,1,0,0,CO,2,5
0,1,1,1,9,10,9,y,0,1,0,CO,2,5
0,1,1,0,9,10,9,y,0,1,0,CO,2,5
0,1,0,1,9,10,9,y,0,1,0,CO,2,5
0,1,0,0,9,10,9,y,0,1,0,CO,2,5
0,1,1,1,9,10,9,y,0,1,0,CO,2,5
0,1,0,1,9,9,10,b,1,0,0,CO,2,5
1,1,1,0,9,10,9,y,0,1,0,CO,2,5
0,1,1,0,9,10,9,y,0,1,0,CO,2,5
1,1,1,0,9,10,9,y,0,1,0,CO,2,5
0,1,1,0,9,9,10,b,1,0,0,CO,2,5
0,1,1,1,9,9,10,b,1,0,0,CO,2,5
1,1,1,1,9,9,10,b,1,0,0,CO,2,5
0,1,0,1,9,9,10,b,1,0,0,CO,2,5
0,1,1,0,9,9,10,b,1,0,0,CO,2,5
1,1,0,0,9,9,10,b,1,0,0,CO,2,5
1,1,1,0,9,10,9,y,0,1,0,CO,2,5
0,1,0,0,9,10,9,y,0,1,0,CO,2,5
1,1,0,0,9,9,10,b,1,0,0,CO,2,5
1,1,1,0,9,10,9,y,0,1,0,CO,2,5
1,1,0,1,9,9,10,b,1,0,0,CO,2,5
1,1,0,1,9,10,9,y,0,1,0,CO,2,5
1,1,0,0,9,10,9,y,0,1,0,CO,2,5
1,1,0,1,9,10,9,y,0,1,0,CO,2,5
0,1,0,0,9,10,9,y,0,1,0,CO,2,5
0,1,1,0,9,10,9,y,0,1,0,CO,2,5
1,1,1,0,9,10,9,y,0,1,0,CO,2,5
1,1,1,1,9,10,9,y,0,1,0,CO,2,5
0,1,1,0,9,9,10,b,1,0,0,CO,2,5
0,1,0,1,9,9,10,b,1,0,0,CO,2,5
1,1,1,0,9,9,10,b,1,0,0,CO,2,5
0,1,1,1,9,9,10,b,1,0,0,CO,2,5
1,1,0,0,9,9,10,b,1,0,0,CO,2,5
0,1,0,1,9,9,10,b,1,0,0,CO,2,5
0,1,0,0,9,10,9,y,0,1,0,CO,2,5
1,1,0,1,9,9,10,b,1,0,0,CO,2,5
0,1,1,0,9,9,10,b,1,0,0,CO,2,5
0,1,0,0,9,9,10,b,1,0,0,CO,2,5
1,1,0,0,9,9,10,b,1,0,0,CO,2,5
0,1,0,1,9,9,10,b,1,0,0,CO,2,5
1,1,0,1,9,9,10,b,1,0,0,CO,2,5
0,1,0,0,9,9,10,b,1,0,0,CO,2,5
1,1,0,0,9,10,9,y,0,1,0,CO,2,5
1,1,0,0,9,9,10,b,1,0,0,CO,2,5
1,1,0,0,9,10,9,y,0,1,0,CO,2,5
1,1,1,1,9,9,10,b,1,0,0,CO,2,5
1,1,1,0,9,10,9,y,0,1,0,CO,2,5
1,1,1,0,9,9,10,b,1,0,0,CO,2,5
0,1,1,1,9,10,9,y,0,1,0,CO,2,5
1,1,1,1,9,10,9,y,0,1,0,CO,2,5
0,1,1,0,11,12,11,y,0,1,0,OD,1,6
0,1,1,0,11,11,12,b,1,0,0,OD,1,6
1,1,0,0,11,11,12,b,1,0,0,OD,1,6
0,1,1,1,12,12,11,b,1,0,0,OD,1,6
0,1,1,1,12,11,12,y,0,1,0,OD,1,6
0,1,0,0,11,11,12,b,1,0,0,OD,1,6
0,1,1,0,11,12,11,y,0,1,0,OD,1,6
0,1,0,0,11,12,11,y,0,1,0,OD,1,6
0,1,1,0,11,12,11,y,0,1,0,OD,1,6
0,1,0,0,11,12,11,y,0,1,0,OD,1,6
1,1,1,0,11,12,11,y,0,1,0,OD,1,6
0,1,1,0,11,11,12,b,1,0,0,OD,1,6
1,1,1,1,12,11,12,y,0,1,0,OD,1,6
0,1,1,0,11,12,11,y,0,1,0,OD,1,6
1,1,0,1,11,11,12,b,1,0,0,OD,1,6
1,1,0,0,11,11,12,b,1,0,0,OD,1,6
0,1,0,0,11,11,12,b,1,0,0,OD,1,6
0,1,1,1,12,11,12,y,0,1,0,OD,1,6
0,1,0,0,11,11,12,b,1,0,0,OD,1,6
0,1,0,0,11,11,12,b,1,0,0,OD,1,6
1,1,1,1,12,11,12,y,0,1,0,OD,1,6
0,1,0,1,11,12,11,y,0,1,0,OD,1,6
1,1,1,0,11,11,12,b,1,0,0,OD,1,6
0,1,1,0,11,11,12,b,1,0,0,OD,1,6
0,1,0,0,11,12,11,y,0,1,0,OD,1,6
0,1,0,1,11,11,12,b,1,0,0,OD,1,6
1,1,0,1,11,11,12,b,1,0,0,OD,1,6
0,1,0,0,11,11,12,b,1,0,0,OD,1,6
0,1,1,1,12,11,12,y,0,1,0,OD,1,6
1,1,0,1,11,11,12,b,1,0,0,OD,1,6
0,1,0,1,11,12,11,y,0,1,0,OD,1,6
1,1,0,0,11,11,12,b,1,0,0,OD,1,6
0,1,1,1,12,12,11,b,1,0,0,OD,1,6
1,1,1,1,12,12,11,b,1,0,0,OD,1,6
1,1,1,1,12,11,12,y,0,1,0,OD,1,6
1,1,0,1,11,12,11,y,0,1,0,OD,1,6
1,1,1,1,12,12,11,b,1,0,0,OD,1,6
0,1,0,1,11,11,12,b,1,0,0,OD,1,6
1,1,0,0,11,11,12,b,1,0,0,OD,1,6
1,1,0,0,11,11,12,b,1,0,0,OD,1,6
0,1,0,1,11,11,12,b,1,0,0,OD,1,6
1,1,1,1,12,12,11,b,1,0,0,OD,1,6
1,1,0,0,11,12,11,y,0,1,0,OD,1,6
0,1,0,1,11,12,11,y,0,1,0,OD,1,6
1,1,1,0,11,11,12,b,1,0,0,OD,1,6
1,1,1,1,12,11,12,y,0,1,0,OD,1,6
1,1,1,0,11,11,12,b,1,0,0,OD,1,6
1,1,0,1,11,11,12,b,1,0,0,OD,1,6
1,1,1,0,11,12,11,y,0,1,0,OD,1,6
0,1,0,0,11,12,11,y,0,1,0,OD,1,6
1,1,0,0,11,11,12,b,1,0,0,OD,1,6
0,1,1,1,12,12,11,b,1,0,0,OD,1,6
1,1,1,0,11,12,11,y,0,1,0,OD,1,6
1,1,1,0,11,12,11,y,0,1,0,OD,1,6
1,1,0,0,11,11,12,b,1,0,0,OD,1,6
1,1,0,1,11,12,11,y,0,1,0,OD,1,6
1,1,1,1,12,12,11,b,1,0,0,OD,1,6
1,1,0,1,11,12,11,y,0,1,0,OD,1,6
1,1,0,1,11,12,11,y,0,1,0,OD,1,6
0,1,0,1,11,12,11,y,0,1,0,OD,1,6
0,1,0,1,11,12,11,y,0,1,0,OD,1,6
0,1,1,1,12,12,11,b,1,0,0,OD,1,6
0,1,1,0,11,11,12,b,1,0,0,OD,1,6
0,1,1,0,11,11,12,b,1,0,0,OD,1,6
1,1,1,0,11,12,11,y,0,1,0,OD,1,6
1,1,0,0,11,11,12,b,1,0,0,OD,1,6
0,1,0,0,11,11,12,b,1,0,0,OD,1,6
1,1,1,1,12,11,12,y,0,1,0,OD,1,6
1,1,1,0,11,12,11,y,0,1,0,OD,1,6
1,1,0,0,11,12,11,y,0,1,0,OD,1,6
0,1,1,0,11,11,12,b,1,0,0,OD,1,6
1,1,1,0,11,12,11,y,0,1,0,OD,1,6
0,1,1,1,12,12,11,b,1,0,0,OD,1,6
0,1,1,1,12,11,12,y,0,1,0,OD,1,6
1,1,0,1,11,12,11,y,0,1,0,OD,1,6
0,1,0,1,11,12,11,y,0,1,0,OD,1,6
0,1,0,1,11,12,11,y,0,1,0,OD,1,6
1,1,1,1,12,11,12,y,0,1,0,OD,1,6
0,1,1,1,12,12,11,b,1,0,0,OD,1,6
1,1,0,1,11,11,12,b,1,0,0,OD,1,6
0,1,1,0,13,13,14,b,1,0,0,OD,2,7
1,1,0,0,13,13,14,b,1,0,0,OD,2,7
0,1,0,0,13,14,13,y,0,1,0,OD,2,7
1,1,1,1,13,13,14,b,1,0,0,OD,2,7
1,1,0,0,13,13,14,b,1,0,0,OD,2,7
0,1,1,0,13,14,13,y,0,1,0,OD,2,7
1,1,1,0,13,14,13,y,0,1,0,OD,2,7
1,1,0,0,13,13,14,b,1,0,0,OD,2,7
0,1,1,1,13,13,14,b,1,0,0,OD,2,7
1,1,1,0,13,14,13,y,0,1,0,OD,2,7
1,1,0,0,13,14,13,y,0,1,0,OD,2,7
1,1,1,1,13,14,13,y,0,1,0,OD,2,7
1,1,0,1,13,14,13,y,0,1,0,OD,2,7
1,1,0,0,13,14,13,y,0,1,0,OD,2,7
0,1,0,0,13,13,14,b,1,0,0,OD,2,7
0,1,1,0,13,13,14,b,1,0,0,OD,2,7
0,1,1,0,13,13,14,b,1,0,0,OD,2,7
1,1,0,0,13,14,13,y,0,1,0,OD,2,7
0,1,0,0,13,13,14,b,1,0,0,OD,2,7
0,1,1,1,13,13,14,b,1,0,0,OD,2,7
0,1,0,1,13,13,14,b,1,0,0,OD,2,7
0,1,0,1,13,14,13,y,0,1,0,OD,2,7
0,1,0,0,13,13,14,b,1,0,0,OD,2,7
0,1,1,0,13,13,14,b,1,0,0,OD,2,7
0,1,1,1,13,13,14,b,1,0,0,OD,2,7
0,1,1,0,13,14,13,y,0,1,0,OD,2,7
0,1,0,1,13,13,14,b,1,0,0,OD,2,7
1,1,0,0,13,13,14,b,1,0,0,OD,2,7
1,1,0,1,13,13,14,b,1,0,0,OD,2,7
1,1,1,0,13,14,13,y,0,1,0,OD,2,7
1,1,1,0,13,13,14,b,1,0,0,OD,2,7
0,1,0,1,13,13,14,b,1,0,0,OD,2,7
0,1,1,1,13,13,14,b,1,0,0,OD,2,7
0,1,0,0,13,13,14,b,1,0,0,OD,2,7
0,1,1,0,13,13,14,b,1,0,0,OD,2,7
1,1,1,1,13,13,14,b,1,0,0,OD,2,7
0,1,1,1,13,14,13,y,0,1,0,OD,2,7
0,1,0,1,13,14,13,y,0,1,0,OD,2,7
1,1,1,1,13,13,14,b,1,0,0,OD,2,7
1,1,0,1,13,14,13,y,0,1,0,OD,2,7
0,1,0,1,13,13,14,b,1,0,0,OD,2,7
1,1,0,0,13,13,14,b,1,0,0,OD,2,7
0,1,0,0,13,14,13,y,0,1,0,OD,2,7
0,1,1,1,13,13,14,b,1,0,0,OD,2,7
0,1,1,1,13,14,13,y,0,1,0,OD,2,7
0,1,0,1,13,13,14,b,1,0,0,OD,2,7
0,1,1,0,13,13,14,b,1,0,0,OD,2,7
1,1,1,0,13,14,13,y,0,1,0,OD,2,7
1,1,0,1,13,14,13,y,0,1,0,OD,2,7
1,1,0,1,13,14,13,y,0,1,0,OD,2,7
0,1,0,1,13,13,14,b,1,0,0,OD,2,7
1,1,0,1,13,13,14,b,1,0,0,OD,2,7
0,1,0,0,13,13,14,b,1,0,0,OD,2,7
0,1,1,1,13,14,13,y,0,1,0,OD,2,7
1,1,1,1,13,14,13,y,0,1,0,OD,2,7
1,1,0,1,13,13,14,b,1,0,0,OD,2,7
1,1,1,1,13,13,14,b,1,0,0,OD,2,7
1,1,0,0,13,14,13,y,0,1,0,OD,2,7
0,1,0,0,13,14,13,y,0,1,0,OD,2,7
0,1,0,1,13,14,13,y,0,1,0,OD,2,7
1,1,1,0,13,13,14,b,1,0,0,OD,2,7
1,1,1,1,13,14,13,y,0,1,0,OD,2,7
0,1,0,1,13,13,14,b,1,0,0,OD,2,7
1,1,1,1,13,13,14,b,1,0,0,OD,2,7
0,1,0,0,13,14,13,y,0,1,0,OD,2,7
1,1,0,1,13,14,13,y,0,1,0,OD,2,7
1,1,1,0,13,13,14,b,1,0,0,OD,2,7
0,1,1,0,13,14,13,y,0,1,0,OD,2,7
1,1,0,0,13,13,14,b,1,0,0,OD,2,7
0,1,1,1,13,13,14,b,1,0,0,OD,2,7
1,1,0,1,13,13,14,b,1,0,0,OD,2,7
1,1,0,1,13,13,14,b,1,0,0,OD,2,7
0,1,1,0,13,13,14,b,1,0,0,OD,2,7
1,1,1,1,13,13,14,b,1,0,0,OD,2,7
1,1,1,0,13,14,13,y,0,1,0,OD,2,7
1,1,1,0,13,14,13,y,0,1,0,OD,2,7
0,1,0,0,13,13,14,b,1,0,0,OD,2,7
1,1,1,0,13,13,14,b,1,0,0,OD,2,7
0,1,1,1,13,13,14,b,1,0,0,OD,2,7
1,1,1,1,13,14,13,y,0,1,0,OD,2,7
0,1,0,0,15,15,16,b,1,0,0,OD,2,8
0,1,0,0,15,16,15,y,0,1,0,OD,2,8
0,1,0,1,15,15,16,b,1,0,0,OD,2,8
1,1,0,0,15,15,16,b,1,0,0,OD,2,8
1,1,1,0,15,15,16,b,1,0,0,OD,2,8
0,1,0,0,15,15,16,b,1,0,0,OD,2,8
1,1,1,1,15,15,16,b,1,0,0,OD,2,8
0,1,1,1,15,15,16,b,1,0,0,OD,2,8
0,1,1,0,15,16,15,y,0,1,0,OD,2,8
1,1,1,1,15,15,16,b,1,0,0,OD,2,8
0,1,0,0,15,15,16,b,1,0,0,OD,2,8
1,1,1,0,15,15,16,b,1,0,0,OD,2,8
0,1,0,1,15,16,15,y,0,1,0,OD,2,8
1,1,1,0,15,15,16,b,1,0,0,OD,2,8
1,1,1,1,15,15,16,b,1,0,0,OD,2,8
1,1,1,1,15,15,16,b,1,0,0,OD,2,8
0,1,1,1,15,16,15,y,0,1,0,OD,2,8
0,1,0,0,15,16,15,y,0,1,0,OD,2,8
1,1,0,0,15,15,16,b,1,0,0,OD,2,8
1,1,0,0,15,15,16,b,1,0,0,OD,2,8
0,1,0,1,15,15,16,b,1,0,0,OD,2,8
0,1,0,1,15,16,15,y,0,1,0,OD,2,8
0,1,1,1,15,16,15,y,0,1,0,OD,2,8
1,1,0,0,15,15,16,b,1,0,0,OD,2,8
1,1,0,1,15,15,16,b,1,0,0,OD,2,8
0,1,1,1,15,16,15,y,0,1,0,OD,2,8
0,1,1,0,15,15,16,b,1,0,0,OD,2,8
1,1,1,0,15,15,16,b,1,0,0,OD,2,8
1,1,1,1,15,16,15,y,0,1,0,OD,2,8
1,1,1,0,15,16,15,y,0,1,0,OD,2,8
1,1,1,0,15,16,15,y,0,1,0,OD,2,8
0,1,0,0,15,16,15,y,0,1,0,OD,2,8
0,1,0,1,15,16,15,y,0,1,0,OD,2,8
0,1,1,1,15,15,16,b,1,0,0,OD,2,8
0,1,0,1,15,16,15,y,0,1,0,OD,2,8
1,1,0,1,15,15,16,b,1,0,0,OD,2,8
1,1,0,0,15,16,15,y,0,1,0,OD,2,8
0,1,0,1,15,16,15,y,0,1,0,OD,2,8
1,1,1,0,15,15,16,b,1,0,0,OD,2,8
0,1,1,0,15,16,15,y,0,1,0,OD,2,8
1,1,0,1,15,16,15,y,0,1,0,OD,2,8
1,1,0,0,15,16,15,y,0,1,0,OD,2,8
1,1,0,1,15,16,15,y,0,1,0,OD,2,8
1,1,0,1,15,15,16,b,1,0,0,OD,2,8
0,1,0,0,15,15,16,b,1,0,0,OD,2,8
0,1,1,0,15,15,16,b,1,0,0,OD,2,8
1,1,0,0,15,16,15,y,0,1,0,OD,2,8
0,1,0,1,15,16,15,y,0,1,0,OD,2,8
1,1,0,0,15,15,16,b,1,0,0,OD,2,8
0,1,1,0,15,15,16,b,1,0,0,OD,2,8
0,1,1,0,15,16,15,y,0,1,0,OD,2,8
1,1,1,1,15,16,15,y,0,1,0,OD,2,8
0,1,1,0,15,15,16,b,1,0,0,OD,2,8
1,1,1,0,15,16,15,y,0,1,0,OD,2,8
1,1,0,1,15,16,15,y,0,1,0,OD,2,8
0,1,0,0,15,16,15,y,0,1,0,OD,2,8
1,1,1,1,15,15,16,b,1,0,0,OD,2,8
1,1,1,1,15,16,15,y,0,1,0,OD,2,8
0,1,0,0,15,15,16,b,1,0,0,OD,2,8
1,1,1,0,15,15,16,b,1,0,0,OD,2,8
1,1,1,1,15,15,16,b,1,0,0,OD,2,8
0,1,0,1,15,15,16,b,1,0,0,OD,2,8
0,1,1,0,15,16,15,y,0,1,0,OD,2,8
0,1,1,1,15,15,16,b,1,0,0,OD,2,8
1,1,0,1,15,15,16,b,1,0,0,OD,2,8
1,1,1,0,15,16,15,y,0,1,0,OD,2,8
0,1,1,1,15,15,16,b,1,0,0,OD,2,8
0,1,0,0,15,15,16,b,1,0,0,OD,2,8
1,1,0,1,15,15,16,b,1,0,0,OD,2,8
1,1,0,0,15,16,15,y,0,1,0,OD,2,8
0,1,1,1,15,16,15,y,0,1,0,OD,2,8
1,1,0,1,15,16,15,y,0,1,0,OD,2,8
0,1,0,1,15,15,16,b,1,0,0,OD,2,8
0,1,1,0,15,15,16,b,1,0,0,OD,2,8
0,1,1,1,15,16,15,y,0,1,0,OD,2,8
0,1,1,0,15,16,15,y,0,1,0,OD,2,8
1,1,0,0,15,16,15,y,0,1,0,OD,2,8
1,1,0,1,15,15,16,b,1,0,0,OD,2,8
0,1,1,1,15,15,16,b,1,0,0,OD,2,8
1,1,1,1,15,16,15,y,0,1,0,OD,2,8
1,1,1,0,17,18,17,y,0,1,0,CD,2,9
1,1,0,1,17,17,18,b,1,0,0,CD,2,9
1,1,1,0,17,18,17,y,0,1,0,CD,2,9
0,1,0,0,17,18,17,y,0,1,0,CD,2,9
1,1,0,0,17,17,18,b,1,0,0,CD,2,9
1,1,1,1,17,18,17,y,0,1,0,CD,2,9
1,1,0,1,17,17,18,b,1,0,0,CD,2,9
0,1,0,0,17,17,18,b,1,0,0,CD,2,9
1,1,1,0,17,18,17,y,0,1,0,CD,2,9
1,1,0,0,17,17,18,b,1,0,0,CD,2,9
0,1,0,1,17,18,17,y,0,1,0,CD,2,9
0,1,0,0,17,17,18,b,1,0,0,CD,2,9
1,1,0,1,17,17,18,b,1,0,0,CD,2,9
0,1,1,1,17,18,17,y,0,1,0,CD,2,9
1,1,1,1,17,17,18,b,1,0,0,CD,2,9
0,1,1,0,17,17,18,b,1,0,0,CD,2,9
0,1,1,0,17,17,18,b,1,0,0,CD,2,9
0,1,1,1,17,18,17,y,0,1,0,CD,2,9
1,1,0,1,17,18,17,y,0,1,0,CD,2,9
0,1,0,1,17,18,17,y,0,1,0,CD,2,9
0,1,0,0,17,18,17,y,0,1,0,CD,2,9
1,1,0,0,17,18,17,y,0,1,0,CD,2,9
0,1,1,0,17,17,18,b,1,0,0,CD,2,9
0,1,1,1,17,18,17,y,0,1,0,CD,2,9
1,1,0,0,17,17,18,b,1,0,0,CD,2,9
1,1,1,1,17,18,17,y,0,1,0,CD,2,9
0,1,1,0,17,18,17,y,0,1,0,CD,2,9
1,1,1,1,17,18,17,y,0,1,0,CD,2,9
1,1,1,1,17,17,18,b,1,0,0,CD,2,9
0,1,1,1,17,17,18,b,1,0,0,CD,2,9
1,1,0,0,17,17,18,b,1,0,0,CD,2,9
0,1,0,1,17,17,18,b,1,0,0,CD,2,9
0,1,0,0,17,17,18,b,1,0,0,CD,2,9
0,1,1,0,17,18,17,y,0,1,0,CD,2,9
1,1,1,1,17,17,18,b,1,0,0,CD,2,9
0,1,1,0,17,17,18,b,1,0,0,CD,2,9
1,1,0,0,17,18,17,y,0,1,0,CD,2,9
0,1,0,1,17,17,18,b,1,0,0,CD,2,9
1,1,0,1,17,17,18,b,1,0,0,CD,2,9
1,1,0,1,17,17,18,b,1,0,0,CD,2,9
0,1,0,1,17,17,18,b,1,0,0,CD,2,9
0,1,0,0,17,18,17,y,0,1,0,CD,2,9
1,1,0,1,17,17,18,b,1,0,0,CD,2,9
1,1,1,0,17,17,18,b,1,0,0,CD,2,9
1,1,1,1,17,17,18,b,1,0,0,CD,2,9
0,1,1,1,17,18,17,y,0,1,0,CD,2,9
1,1,0,0,17,18,17,y,0,1,0,CD,2,9
0,1,0,1,17,18,17,y,0,1,0,CD,2,9
1,1,1,0,17,18,17,y,0,1,0,CD,2,9
0,1,1,1,17,18,17,y,0,1,0,CD,2,9
0,1,1,1,17,18,17,y,0,1,0,CD,2,9
1,1,1,0,17,18,17,y,0,1,0,CD,2,9
1,1,0,1,17,18,17,y,0,1,0,CD,2,9
1,1,1,1,17,18,17,y,0,1,0,CD,2,9
1,1,1,0,17,17,18,b,1,0,0,CD,2,9
0,1,1,1,17,17,18,b,1,0,0,CD,2,9
0,1,0,0,17,18,17,y,0,1,0,CD,2,9
0,1,0,1,17,18,17,y,0,1,0,CD,2,9
1,1,0,0,17,18,17,y,0,1,0,CD,2,9
0,1,0,0,17,18,17,y,0,1,0,CD,2,9
0,1,0,0,17,17,18,b,1,0,0,CD,2,9
0,1,1,0,17,17,18,b,1,0,0,CD,2,9
1,1,1,1,17,17,18,b,1,0,0,CD,2,9
1,1,1,0,17,18,17,y,0,1,0,CD,2,9
0,1,1,0,17,17,18,b,1,0,0,CD,2,9
0,1,1,0,17,18,17,y,0,1,0,CD,2,9
0,1,1,0,17,18,17,y,0,1,0,CD,2,9
1,1,1,0,17,18,17,y,0,1,0,CD,2,9
1,1,0,1,17,17,18,b,1,0,0,CD,2,9
1,1,1,0,17,17,18,b,1,0,0,CD,2,9
0,1,1,1,17,17,18,b,1,0,0,CD,2,9
0,1,0,1,17,18,17,y,0,1,0,CD,2,9
1,1,0,1,17,17,18,b,1,0,0,CD,2,9
0,1,0,0,17,17,18,b,1,0,0,CD,2,9
0,1,1,1,17,18,17,y,0,1,0,CD,2,9
1,1,1,1,17,17,18,b,1,0,0,CD,2,9
1,1,0,0,17,18,17,y,0,1,0,CD,2,9
0,1,0,1,17,18,17,y,0,1,0,CD,2,9
1,1,0,0,17,18,17,y,0,1,0,CD,2,9
0,1,0,1,17,17,18,b,1,0,0,CD,2,9
1,1,1,1,19,20,19,y,0,1,0,CD,2,10
1,1,0,1,19,19,20,b,1,0,0,CD,2,10
1,1,0,1,19,20,19,y,0,1,0,CD,2,10
0,1,1,0,19,20,19,y,0,1,0,CD,2,10
0,1,1,0,19,20,19,y,0,1,0,CD,2,10
1,1,1,1,19,20,19,y,0,1,0,CD,2,10
0,1,1,0,19,20,19,y,0,1,0,CD,2,10
1,1,1,0,19,19,20,b,1,0,0,CD,2,10
0,1,0,1,19,20,19,y,0,1,0,CD,2,10
1,1,1,0,19,19,20,b,1,0,0,CD,2,10
1,1,0,0,19,20,19,y,0,1,0,CD,2,10
1,1,1,1,19,20,19,y,0,1,0,CD,2,10
1,1,1,0,19,19,20,b,1,0,0,CD,2,10
0,1,0,0,19,19,20,b,1,0,0,CD,2,10
0,1,0,1,19,19,20,b,1,0,0,CD,2,10
0,1,1,1,19,19,20,b,1,0,0,CD,2,10
0,1,0,0,19,19,20,b,1,0,0,CD,2,10
1,1,0,1,19,20,19,y,0,1,0,CD,2,10
0,1,0,0,19,19,20,b,1,0,0,CD,2,10
1,1,1,0,19,20,19,y,0,1,0,CD,2,10
0,1,0,0,19,19,20,b,1,0,0,CD,2,10
1,1,1,0,19,19,20,b,1,0,0,CD,2,10
1,1,1,0,19,20,19,y,0,1,0,CD,2,10
0,1,1,1,19,19,20,b,1,0,0,CD,2,10
0,1,1,0,19,20,19,y,0,1,0,CD,2,10
0,1,1,1,19,19,20,b,1,0,0,CD,2,10
1,1,0,1,19,19,20,b,1,0,0,CD,2,10
0,1,0,1,19,20,19,y,0,1,0,CD,2,10
0,1,0,0,19,20,19,y,0,1,0,CD,2,10
0,1,0,0,19,19,20,b,1,0,0,CD,2,10
1,1,0,0,19,19,20,b,1,0,0,CD,2,10
1,1,0,0,19,19,20,b,1,0,0,CD,2,10
1,1,0,1,19,19,20,b,1,0,0,CD,2,10
0,1,0,0,19,19,20,b,1,0,0,CD,2,10
1,1,0,0,19,20,19,y,0,1,0,CD,2,10
1,1,0,0,19,19,20,b,1,0,0,CD,2,10
1,1,0,1,19,19,20,b,1,0,0,CD,2,10
1,1,1,1,19,20,19,y,0,1,0,CD,2,10
0,1,1,1,19,20,19,y,0,1,0,CD,2,10
1,1,0,0,19,19,20,b,1,0,0,CD,2,10
0,1,1,0,19,20,19,y,0,1,0,CD,2,10
1,1,1,1,19,19,20,b,1,0,0,CD,2,10
0,1,1,1,19,19,20,b,1,0,0,CD,2,10
0,1,0,0,19,20,19,y,0,1,0,CD,2,10
0,1,1,1,19,19,20,b,1,0,0,CD,2,10
0,1,1,1,19,20,19,y,0,1,0,CD,2,10
1,1,0,1,19,20,19,y,0,1,0,CD,2,10
1,1,0,0,19,20,19,y,0,1,0,CD,2,10
0,1,1,0,19,20,19,y,0,1,0,CD,2,10
1,1,1,1,19,19,20,b,1,0,0,CD,2,10
1,1,0,0,19,20,19,y,0,1,0,CD,2,10
0,1,1,0,19,20,19,y,0,1,0,CD,2,10
1,1,1,0,19,19,20,b,1,0,0,CD,2,10
0,1,1,0,19,19,20,b,1,0,0,CD,2,10
0,1,0,1,19,20,19,y,0,1,0,CD,2,10
1,1,1,1,19,20,19,y,0,1,0,CD,2,10
1,1,0,1,19,20,19,y,0,1,0,CD,2,10
0,1,0,0,19,20,19,y,0,1,0,CD,2,10
0,1,0,1,19,19,20,b,1,0,0,CD,2,10
1,1,1,0,19,19,20,b,1,0,0,CD,2,10
0,1,0,1,19,20,19,y,0,1,0,CD,2,10
0,1,1,1,19,19,20,b,1,0,0,CD,2,10
0,1,1,0,19,20,19,y,0,1,0,CD,2,10
0,1,1,1,19,19,20,b,1,0,0,CD,2,10
0,1,0,1,19,19,20,b,1,0,0,CD,2,10
1,1,1,1,19,20,19,y,0,1,0,CD,2,10
1,1,1,1,19,20,19,y,0,1,0,CD,2,10
1,1,1,0,19,20,19,y,0,1,0,CD,2,10
1,1,1,1,19,19,20,b,1,0,0,CD,2,10
1,1,0,0,19,19,20,b,1,0,0,CD,2,10
0,1,1,1,19,19,20,b,1,0,0,CD,2,10
1,1,0,1,19,20,19,y,0,1,0,CD,2,10
0,1,0,1,19,19,20,b,1,0,0,CD,2,10
0,1,1,0,19,20,19,y,0,1,0,CD,2,10
0,1,0,1,19,19,20,b,1,0,0,CD,2,10
1,1,0,0,19,19,20,b,1,0,0,CD,2,10
0,1,0,0,19,19,20,b,1,0,0,CD,2,10
1,1,1,0,19,20,19,y,0,1,0,CD,2,10
0,1,0,1,19,19,20,b,1,0,0,CD,2,10
1,1,0,1,19,19,20,b,1,0,0,CD,2,10
1,1,0,0,21,21,22,b,1,0,0,CO,1,11
0,1,1,1,21,21,22,b,1,0,0,CO,1,11
1,1,0,1,21,21,22,b,1,0,0,CO,1,11
0,1,0,0,21,21,22,b,1,0,0,CO,1,11
0,1,0,0,21,22,21,y,0,1,0,CO,1,11
0,1,1,0,21,21,22,b,1,0,0,CO,1,11
0,1,1,0,21,22,21,y,0,1,0,CO,1,11
1,1,0,0,21,22,21,y,0,1,0,CO,1,11
0,1,0,0,21,22,21,y,0,1,0,CO,1,11
0,1,0,0,21,21,22,b,1,0,0,CO,1,11
0,1,1,0,21,22,21,y,0,1,0,CO,1,11
1,1,0,1,21,21,22,b,1,0,0,CO,1,11
1,1,1,1,22,21,22,y,0,1,0,CO,1,11
1,1,0,1,21,22,21,y,0,1,0,CO,1,11
1,1,1,1,22,22,21,b,1,0,0,CO,1,11
1,1,0,0,21,22,21,y,0,1,0,CO,1,11
1,1,1,0,22,21,22,y,0,1,0,CO,1,11
1,1,0,1,21,22,21,y,0,1,0,CO,1,11
0,1,1,1,21,22,21,y,0,1,0,CO,1,11
1,1,0,1,21,22,21,y,0,1,0,CO,1,11
0,1,0,1,21,22,21,y,0,1,0,CO,1,11
1,1,1,0,22,21,22,y,0,1,0,CO,1,11
0,1,1,0,21,21,22,b,1,0,0,CO,1,11
0,1,0,1,21,22,21,y,0,1,0,CO,1,11
1,1,1,1,22,21,22,y,0,1,0,CO,1,11
1,1,0,0,21,21,22,b,1,0,0,CO,1,11
1,1,0,1,21,21,22,b,1,0,0,CO,1,11
0,1,1,1,21,21,22,b,1,0,0,CO,1,11
1,1,0,0,21,22,21,y,0,1,0,CO,1,11
0,1,0,1,21,21,22,b,1,0,0,CO,1,11
1,1,1,1,22,21,22,y,0,1,0,CO,1,11
0,1,1,1,21,21,22,b,1,0,0,CO,1,11
0,1,0,0,21,22,21,y,0,1,0,CO,1,11
1,1,0,0,21,22,21,y,0,1,0,CO,1,11
1,1,1,0,22,21,22,y,0,1,0,CO,1,11
1,1,0,0,21,21,22,b,1,0,0,CO,1,11
1,1,0,0,21,22,21,y,0,1,0,CO,1,11
1,1,1,0,22,21,22,y,0,1,0,CO,1,11
1,1,1,0,22,22,21,b,1,0,0,CO,1,11
0,1,0,1,21,21,22,b,1,0,0,CO,1,11
0,1,1,0,21,21,22,b,1,0,0,CO,1,11
0,1,0,0,21,22,21,y,0,1,0,CO,1,11
0,1,0,0,21,21,22,b,1,0,0,CO,1,11
1,1,0,0,21,22,21,y,0,1,0,CO,1,11
1,1,1,1,22,21,22,y,0,1,0,CO,1,11
1,1,0,0,21,21,22,b,1,0,0,CO,1,11
0,1,0,1,21,21,22,b,1,0,0,CO,1,11
1,1,1,0,22,22,21,b,1,0,0,CO,1,11
1,1,1,0,22,21,22,y,0,1,0,CO,1,11
0,1,1,1,21,21,22,b,1,0,0,CO,1,11
0,1,0,1,21,21,22,b,1,0,0,CO,1,11
0,1,1,1,21,21,22,b,1,0,0,CO,1,11
1,1,1,1,22,22,21,b,1,0,0,CO,1,11
0,1,1,1,21,22,21,y,0,1,0,CO,1,11
0,1,0,1,21,21,22,b,1,0,0,CO,1,11
1,1,1,0,22,21,22,y,0,1,0,CO,1,11
1,1,1,1,22,21,22,y,0,1,0,CO,1,11
0,1,1,0,21,22,21,y,0,1,0,CO,1,11
0,1,0,1,21,22,21,y,0,1,0,CO,1,11
1,1,0,1,21,21,22,b,1,0,0,CO,1,11
0,1,0,1,21,22,21,y,0,1,0,CO,1,11
1,1,1,0,22,21,22,y,0,1,0,CO,1,11
0,1,1,1,21,22,21,y,0,1,0,CO,1,11
1,1,0,1,21,21,22,b,1,0,0,CO,1,11
0,1,1,1,21,22,21,y,0,1,0,CO,1,11
1,1,1,1,22,21,22,y,0,1,0,CO,1,11
0,1,1,0,21,21,22,b,1,0,0,CO,1,11
0,1,0,1,21,22,21,y,0,1,0,CO,1,11
0,1,0,0,21,21,22,b,1,0,0,CO,1,11
0,1,1,0,21,22,21,y,0,1,0,CO,1,11
0,1,0,0,21,21,22,b,1,0,0,CO,1,11
1,1,0,1,21,21,22,b,1,0,0,CO,1,11
1,1,1,0,22,21,22,y,0,1,0,CO,1,11
0,1,1,0,21,21,22,b,1,0,0,CO,1,11
1,1,1,1,22,22,21,b,1,0,0,CO,1,11
1,1,1,1,22,22,21,b,1,0,0,CO,1,11
0,1,0,0,21,21,22,b,1,0,0,CO,1,11
1,1,0,1,21,21,22,b,1,0,0,CO,1,11
0,1,1,1,21,22,21,y,0,1,0,CO,1,11
0,1,1,0,21,21,22,b,1,0,0,CO,1,11
0,1,1,1,24,23,24,y,0,1,0,OD,1,12
0,1,0,0,23,23,24,b,1,0,0,OD,1,12
1,1,0,1,23,24,23,y,0,1,0,OD,1,12
0,1,1,1,24,23,24,y,0,1,0,OD,1,12
0,1,0,1,23,24,23,y,0,1,0,OD,1,12
0,1,1,1,24,23,24,y,0,1,0,OD,1,12
1,1,0,1,23,23,24,b,1,0,0,OD,1,12
1,1,0,0,23,24,23,y,0,1,0,OD,1,12
1,1,0,0,23,23,24,b,1,0,0,OD,1,12
0,1,1,1,24,23,24,y,0,1,0,OD,1,12
0,1,0,0,23,23,24,b,1,0,0,OD,1,12
0,1,1,1,24,24,23,b,1,0,0,OD,1,12
0,1,1,0,23,24,23,y,0,1,0,OD,1,12
1,1,0,0,23,23,24,b,1,0,0,OD,1,12
1,1,1,1,24,24,23,b,1,0,0,OD,1,12
1,1,1,1,24,23,24,y,0,1,0,OD,1,12
0,1,1,0,23,23,24,b,1,0,0,OD,1,12
0,1,0,0,23,23,24,b,1,0,0,OD,1,12
1,1,1,1,24,23,24,y,0,1,0,OD,1,12
0,1,0,1,23,24,23,y,0,1,0,OD,1,12
1,1,1,1,24,24,23,b,1,0,0,OD,1,12
1,1,0,1,23,23,24,b,1,0,0,OD,1,12
1,1,0,1,23,23,24,b,1,0,0,OD,1,12
0,1,0,1,23,23,24,b,1,0,0,OD,1,12
0,1,1,0,23,23,24,b,1,0,0,OD,1,12
1,1,1,0,23,23,24,b,1,0,0,OD,1,12
0,1,0,1,23,24,23,y,0,1,0,OD,1,12
1,1,1,1,24,24,23,b,1,0,0,OD,1,12
1,1,0,0,23,24,23,y,0,1,0,OD,1,12
1,1,1,0,23,23,24,b,1,0,0,OD,1,12
1,1,1,0,23,23,24,b,1,0,0,OD,1,12
0,1,0,1,23,24,23,y,0,1,0,OD,1,12
1,1,0,0,23,23,24,b,1,0,0,OD,1,12
1,1,1,1,24,23,24,y,0,1,0,OD,1,12
0,1,1,0,23,23,24,b,1,0,0,OD,1,12
0,1,0,1,23,24,23,y,0,1,0,OD,1,12
1,1,0,1,23,24,23,y,0,1,0,OD,1,12
0,1,0,1,23,23,24,b,1,0,0,OD,1,12
0,1,1,1,24,24,23,b,1,0,0,OD,1,12
1,1,0,1,23,23,24,b,1,0,0,OD,1,12
0,1,0,0,23,24,23,y,0,1,0,OD,1,12
1,1,1,0,23,24,23,y,0,1,0,OD,1,12
1,1,1,1,24,23,24,y,0,1,0,OD,1,12
0,1,0,0,23,23,24,b,1,0,0,OD,1,12
1,1,1,0,23,23,24,b,1,0,0,OD,1,12
1,1,0,0,23,24,23,y,0,1,0,OD,1,12
1,1,0,0,23,24,23,y,0,1,0,OD,1,12
1,1,0,0,23,24,23,y,0,1,0,OD,1,12
0,1,1,0,23,24,23,y,0,1,0,OD,1,12
0,1,1,1,24,23,24,y,0,1,0,OD,1,12
0,1,1,0,23,24,23,y,0,1,0,OD,1,12
1,1,0,1,23,23,24,b,1,0,0,OD,1,12
0,1,0,1,23,23,24,b,1,0,0,OD,1,12
1,1,0,0,23,24,23,y,0,1,0,OD,1,12
0,1,0,0,23,24,23,y,0,1,0,OD,1,12
0,1,1,1,24,23,24,y,0,1,0,OD,1,12
0,1,1,0,23,23,24,b,1,0,0,OD,1,12
0,1,0,0,23,24,23,y,0,1,0,OD,1,12
1,1,0,0,23,24,23,y,0,1,0,OD,1,12
0,1,1,0,23,24,23,y,0,1,0,OD,1,12
0,1,0,0,23,24,23,y,0,1,0,OD,1,12
1,1,1,0,23,24,23,y,0,1,0,OD,1,12
1,1,1,0,23,24,23,y,0,1,0,OD,1,12
0,1,1,0,23,23,24,b,1,0,0,OD,1,12
1,1,0,1,23,24,23,y,0,1,0,OD,1,12
0,1,0,0,23,24,23,y,0,1,0,OD,1,12
0,1,1,1,24,24,23,b,1,0,0,OD,1,12
1,1,1,1,24,24,23,b,1,0,0,OD,1,12
1,1,1,1,24,23,24,y,0,1,0,OD,1,12
0,1,0,1,23,23,24,b,1,0,0,OD,1,12
0,1,0,0,23,23,24,b,1,0,0,OD,1,12
1,1,1,0,23,24,23,y,0,1,0,OD,1,12
1,1,1,1,24,24,23,b,1,0,0,OD,1,12
1,1,0,1,23,23,24,b,1,0,0,OD,1,12
1,1,0,1,23,23,24,b,1,0,0,OD,1,12
1,1,1,0,23,24,23,y,0,1,0,OD,1,12
0,1,1,1,24,23,24,y,0,1,0,OD,1,12
1,1,1,0,23,24,23,y,0,1,0,OD,1,12
0,1,0,1,23,23,24,b,1,0,0,OD,1,12
0,1,1,0,23,23,24,b,1,0,0,OD,1,12
1,1,0,0,25,26,25,y,0,1,0,CO,2,13
1,1,0,1,25,26,25,y,0,1,0,CO,2,13
1,1,1,1,25,26,25,y,0,1,0,CO,2,13
0,1,0,0,25,25,26,b,1,0,0,CO,2,13
0,1,0,1,25,26,25,y,0,1,0,CO,2,13
0,1,1,0,25,25,26,b,1,0,0,CO,2,13
0,1,1,0,25,25,26,b,1,0,0,CO,2,13
1,1,1,1,25,26,25,y,0,1,0,CO,2,13
1,1,0,1,25,25,26,b,1,0,0,CO,2,13
1,1,0,0,25,25,26,b,1,0,0,CO,2,13
0,1,0,0,25,25,26,b,1,0,0,CO,2,13
1,1,0,1,25,25,26,b,1,0,0,CO,2,13
0,1,0,1,25,25,26,b,1,0,0,CO,2,13
0,1,0,0,25,25,26,b,1,0,0,CO,2,13
1,1,1,0,25,26,25,y,0,1,0,CO,2,13
0,1,1,0,25,26,25,y,0,1,0,CO,2,13
0,1,0,1,25,25,26,b,1,0,0,CO,2,13
1,1,0,0,25,26,25,y,0,1,0,CO,2,13
0,1,1,1,25,26,25,y,0,1,0,CO,2,13
1,1,0,0,25,26,25,y,0,1,0,CO,2,13
0,1,1,0,25,25,26,b,1,0,0,CO,2,13
0,1,0,1,25,26,25,y,0,1,0,CO,2,13
1,1,0,0,25,26,25,y,0,1,0,CO,2,13
0,1,0,1,25,26,25,y,0,1,0,CO,2,13
0,1,0,0,25,25,26,b,1,0,0,CO,2,13
0,1,0,1,25,26,25,y,0,1,0,CO,2,13
0,1,0,0,25,26,25,y,0,1,0,CO,2,13
1,1,0,1,25,25,26,b,1,0,0,CO,2,13
1,1,1,0,25,26,25,y,0,1,0,CO,2,13
0,1,1,1,25,26,25,y,0,1,0,CO,2,13
0,1,1,0,25,26,25,y,0,1,0,CO,2,13
0,1,1,1,25,26,25,y,0,1,0,CO,2,13
0,1,1,1,25,26,25,y,0,1,0,CO,2,13
0,1,1,1,25,26,25,y,0,1,0,CO,2,13
1,1,1,0,25,25,26,b,1,0,0,CO,2,13
0,1,1,1,25,25,26,b,1,0,0,CO,2,13
0,1,0,0,25,26,25,y,0,1,0,CO,2,13
0,1,0,1,25,26,25,y,0,1,0,CO,2,13
0,1,1,1,25,25,26,b,1,0,0,CO,2,13
0,1,0,1,25,26,25,y,0,1,0,CO,2,13
0,1,1,0,25,25,26,b,1,0,0,CO,2,13
1,1,0,1,25,26,25,y,0,1,0,CO,2,13
0,1,1,0,25,26,25,y,0,1,0,CO,2,13
1,1,0,0,25,25,26,b,1,0,0,CO,2,13
1,1,1,1,25,25,26,b,1,0,0,CO,2,13
1,1,1,1,25,25,26,b,1,0,0,CO,2,13
0,1,1,0,25,26,25,y,0,1,0,CO,2,13
0,1,1,0,25,26,25,y,0,1,0,CO,2,13
1,1,0,1,25,26,25,y,0,1,0,CO,2,13
0,1,0,0,25,25,26,b,1,0,0,CO,2,13
0,1,1,1,25,26,25,y,0,1,0,CO,2,13
1,1,0,1,25,25,26,b,1,0,0,CO,2,13
1,1,1,1,25,25,26,b,1,0,0,CO,2,13
1,1,0,0,25,26,25,y,0,1,0,CO,2,13
0,1,1,0,25,26,25,y,0,1,0,CO,2,13
1,1,1,1,25,25,26,b,1,0,0,CO,2,13
0,1,0,0,25,25,26,b,1,0,0,CO,2,13
1,1,0,0,25,25,26,b,1,0,0,CO,2,13
1,1,1,0,25,26,25,y,0,1,0,CO,2,13
1,1,1,0,25,26,25,y,0,1,0,CO,2,13
1,1,1,0,25,25,26,b,1,0,0,CO,2,13
1,1,0,1,25,25,26,b,1,0,0,CO,2,13
0,1,0,1,25,25,26,b,1,0,0,CO,2,13
0,1,1,1,25,26,25,y,0,1,0,CO,2,13
1,1,0,1,25,26,25,y,0,1,0,CO,2,13
0,1,0,0,25,26,25,y,0,1,0,CO,2,13
1,1,1,1,25,25,26,b,1,0,0,CO,2,13
1,1,0,0,25,25,26,b,1,0,0,CO,2,13
1,1,1,1,25,26,25,y,0,1,0,CO,2,13
0,1,0,0,25,25,26,b,1,0,0,CO,2,13
1,1,0,0,25,26,25,y,0,1,0,CO,2,13
0,1,0,1,25,26,25,y,0,1,0,CO,2,13
1,1,0,1,25,26,25,y,0,1,0,CO,2,13
1,1,1,0,25,26,25,y,0,1,0,CO,2,13
1,1,1,1,25,25,26,b,1,0,0,CO,2,13
1,1,1,0,25,25,26,b,1,0,0,CO,2,13
1,1,1,1,25,25,26,b,1,0,0,CO,2,13
1,1,1,0,25,25,26,b,1,0,0,CO,2,13
1,1,1,0,25,26,25,y,0,1,0,CO,2,13
0,1,1,1,25,25,26,b,1,0,0,CO,2,13
0,1,0,0,27,27,28,b,1,0,0,OD,1,14
1,1,0,1,27,28,27,y,0,1,0,OD,1,14
0,1,0,1,27,27,28,b,1,0,0,OD,1,14
0,1,0,1,27,27,28,b,1,0,0,OD,1,14
0,1,0,0,27,27,28,b,1,0,0,OD,1,14
0,1,0,1,27,28,27,y,0,1,0,OD,1,14
1,1,1,0,27,27,28,b,1,0,0,OD,1,14
1,1,1,1,28,28,27,b,1,0,0,OD,1,14
0,1,0,0,27,28,27,y,0,1,0,OD,1,14
1,1,1,0,27,27,28,b,1,0,0,OD,1,14
1,1,0,1,27,27,28,b,1,0,0,OD,1,14
1,1,0,0,27,28,27,y,0,1,0,OD,1,14
0,1,1,0,27,28,27,y,0,1,0,OD,1,14
0,1,0,1,27,28,27,y,0,1,0,OD,1,14
0,1,1,0,27,27,28,b,1,0,0,OD,1,14
0,1,1,0,27,28,27,y,0,1,0,OD,1,14
1,1,0,1,27,27,28,b,1,0,0,OD,1,14
1,1,0,1,27,27,28,b,1,0,0,OD,1,14
1,1,1,0,27,27,28,b,1,0,0,OD,1,14
0,1,0,1,27,28,27,y,0,1,0,OD,1,14
1,1,1,0,27,28,27,y,0,1,0,OD,1,14
1,1,0,1,27,28,27,y,0,1,0,OD,1,14
1,1,1,0,27,27,28,b,1,0,0,OD,1,14
0,1,1,0,27,27,28,b,1,0,0,OD,1,14
0,1,0,0,27,27,28,b,1,0,0,OD,1,14
0,1,0,1,27,28,27,y,0,1,0,OD,1,14
1,1,1,1,28,27,28,y,0,1,0,OD,1,14
1,1,1,1,28,27,28,y,0,1,0,OD,1,14
0,1,1,1,28,28,27,b,1,0,0,OD,1,14
1,1,0,1,27,27,28,b,1,0,0,OD,1,14
1,1,0,0,27,27,28,b,1,0,0,OD,1,14
0,1,0,1,27,27,28,b,1,0,0,OD,1,14
0,1,1,1,28,27,28,y,0,1,0,OD,1,14
1,1,0,0,27,28,27,y,0,1,0,OD,1,14
0,1,0,0,27,27,28,b,1,0,0,OD,1,14
0,1,1,1,28,27,28,y,0,1,0,OD,1,14
1,1,1,1,28,28,27,b,1,0,0,OD,1,14
1,1,1,1,28,27,28,y,0,1,0,OD,1,14
0,1,1,1,28,27,28,y,0,1,0,OD,1,14
0,1,0,0,27,27,28,b,1,0,0,OD,1,14
0,1,0,1,27,27,28,b,1,0,0,OD,1,14
1,1,1,0,27,28,27,y,0,1,0,OD,1,14
1,1,1,0,27,28,27,y,0,1,0,OD,1,14
1,1,0,0,27,28,27,y,0,1,0,OD,1,14
0,1,1,1,28,27,28,y,0,1,0,OD,1,14
0,1,1,1,28,27,28,y,0,1,0,OD,1,14
0,1,0,1,27,28,27,y,0,1,0,OD,1,14
0,1,1,0,27,27,28,b,1,0,0,OD,1,14
1,1,1,1,28,27,28,y,0,1,0,OD,1,14
1,1,0,0,27,27,28,b,1,0,0,OD,1,14
0,1,1,1,28,27,28,y,0,1,0,OD,1,14
0,1,0,0,27,28,27,y,0,1,0,OD,1,14
1,1,1,0,27,28,27,y,0,1,0,OD,1,14
0,1,1,0,27,27,28,b,1,0,0,OD,1,14
0,1,1,0,27,27,28,b,1,0,0,OD,1,14
1,1,1,1,28,28,27,b,1,0,0,OD,1,14
1,1,0,1,27,28,27,y,0,1,0,OD,1,14
1,1,1,0,27,27,28,b,1,0,0,OD,1,14
1,1,1,1,28,27,28,y,0,1,0,OD,1,14
1,1,0,0,27,28,27,y,0,1,0,OD,1,14
1,1,1,1,28,28,27,b,1,0,0,OD,1,14
1,1,0,0,27,27,28,b,1,0,0,OD,1,14
0,1,1,1,28,27,28,y,0,1,0,OD,1,14
0,1,1,0,27,27,28,b,1,0,0,OD,1,14
1,1,0,0,27,27,28,b,1,0,0,OD,1,14
0,1,0,0,27,28,27,y,0,1,0,OD,1,14
1,1,0,0,27,27,28,b,1,0,0,OD,1,14
0,1,1,1,28,28,27,b,1,0,0,OD,1,14
0,1,0,1,27,27,28,b,1,0,0,OD,1,14
1,1,1,1,28,28,27,b,1,0,0,OD,1,14
1,1,0,0,27,27,28,b,1,0,0,OD,1,14
1,1,0,1,27,28,27,y,0,1,0,OD,1,14
1,1,0,1,27,28,27,y,0,1,0,OD,1,14
1,1,0,1,27,27,28,b,1,0,0,OD,1,14
0,1,1,1,28,27,28,y,0,1,0,OD,1,14
1,1,1,0,27,27,28,b,1,0,0,OD,1,14
0,1,0,0,27,27,28,b,1,0,0,OD,1,14
0,1,1,0,27,27,28,b,1,0,0,OD,1,14
0,1,1,0,27,28,27,y,0,1,0,OD,1,14
0,1,0,0,27,28,27,y,0,1,0,OD,1,14
1,1,1,0,29,29,30,b,1,0,0,CO,2,15
1,1,0,0,29,30,29,y,0,1,0,CO,2,15
1,1,1,1,29,30,29,y,0,1,0,CO,2,15
0,1,0,1,29,30,29,y,0,1,0,CO,2,15
0,1,0,1,29,30,29,y,0,1,0,CO,2,15
1,1,0,1,29,29,30,b,1,0,0,CO,2,15
0,1,1,1,29,29,30,b,1,0,0,CO,2,15
1,1,0,1,29,29,30,b,1,0,0,CO,2,15
1,1,1,0,29,29,30,b,1,0,0,CO,2,15
0,1,1,1,29,30,29,y,0,1,0,CO,2,15
1,1,1,1,29,30,29,y,0,1,0,CO,2,15
1,1,0,1,29,29,30,b,1,0,0,CO,2,15
0,1,1,0,29,30,29,y,0,1,0,CO,2,15
0,1,0,0,29,30,29,y,0,1,0,CO,2,15
1,1,1,1,29,30,29,y,0,1,0,CO,2,15
0,1,0,1,29,29,30,b,1,0,0,CO,2,15
0,1,1,1,29,30,29,y,0,1,0,CO,2,15
1,1,0,0,29,30,29,y,0,1,0,CO,2,15
0,1,1,0,29,29,30,b,1,0,0,CO,2,15
0,1,0,1,29,30,29,y,0,1,0,CO,2,15
0,1,0,0,29,29,30,b,1,0,0,CO,2,15
1,1,0,0,29,30,29,y,0,1,0,CO,2,15
1,1,1,0,29,29,30,b,1,0,0,CO,2,15
0,1,1,1,29,29,30,b,1,0,0,CO,2,15
1,1,1,1,29,29,30,b,1,0,0,CO,2,15
1,1,1,0,29,29,30,b,1,0,0,CO,2,15
0,1,0,1,29,30,29,y,0,1,0,CO,2,15
0,1,0,0,29,30,29,y,0,1,0,CO,2,15
0,1,1,1,29,29,30,b,1,0,0,CO,2,15
0,1,0,1,29,29,30,b,1,0,0,CO,2,15
1,1,0,1,29,29,30,b,1,0,0,CO,2,15
0,1,0,0,29,30,29,y,0,1,0,CO,2,15
0,1,0,1,29,29,30,b,1,0,0,CO,2,15
1,1,0,0,29,29,30,b,1,0,0,CO,2,15
0,1,1,0,29,29,30,b,1,0,0,CO,2,15
1,1,1,0,29,30,29,y,0,1,0,CO,2,15
1,1,1,1,29,30,29,y,0,1,0,CO,2,15
1,1,0,0,29,29,30,b,1,0,0,CO,2,15
1,1,1,1,29,29,30,b,1,0,0,CO,2,15
1,1,0,0,29,30,29,y,0,1,0,CO,2,15
0,1,1,1,29,30,29,y,0,1,0,CO,2,15
1,1,1,1,29,29,30,b,1,0,0,CO,2,15
1,1,0,0,29,30,29,y,0,1,0,CO,2,15
0,1,1,0,29,30,29,y,0,1,0,CO,2,15
1,1,0,0,29,30,29,y,0,1,0,CO,2,15
1,1,0,1,29,29,30,b,1,0,0,CO,2,15
0,1,0,1,29,29,30,b,1,0,0,CO,2,15
1,1,0,1,29,30,29,y,0,1,0,CO,2,15
1,1,0,0,29,29,30,b,1,0,0,CO,2,15
0,1,0,0,29,30,29,y,0,1,0,CO,2,15
1,1,1,0,29,29,30,b,1,0,0,CO,2,15
1,1,1,1,29,30,29,y,0,1,0,CO,2,15
0,1,1,1,29,29,30,b,1,0,0,CO,2,15
0,1,0,0,29,29,30,b,1,0,0,CO,2,15
0,1,0,1,29,30,29,y,0,1,0,CO,2,15
1,1,1,0,29,30,29,y,0,1,0,CO,2,15
1,1,0,1,29,29,30,b,1,0,0,CO,2,15
1,1,0,1,29,29,30,b,1,0,0,CO,2,15
0,1,1,0,29,29,30,b,1,0,0,CO,2,15
0,1,1,0,29,30,29,y,0,1,0,CO,2,15
0,1,1,1,29,30,29,y,0,1,0,CO,2,15
0,1,0,0,29,29,30,b,1,0,0,CO,2,15
0,1,1,0,29,29,30,b,1,0,0,CO,2,15
1,1,0,0,29,29,30,b,1,0,0,CO,2,15
1,1,0,1,29,30,29,y,0,1,0,CO,2,15
0,1,1,1,29,30,29,y,0,1,0,CO,2,15
0,1,0,0,29,30,29,y,0,1,0,CO,2,15
0,1,1,1,29,30,29,y,0,1,0,CO,2,15
1,1,1,1,29,29,30,b,1,0,0,CO,2,15
0,1,1,0,29,30,29,y,0,1,0,CO,2,15
1,1,0,1,29,30,29,y,0,1,0,CO,2,15
0,1,0,1,29,29,30,b,1,0,0,CO,2,15
1,1,1,0,29,30,29,y,0,1,0,CO,2,15
0,1,1,0,29,29,30,b,1,0,0,CO,2,15
1,1,1,0,29,30,29,y,0,1,0,CO,2,15
0,1,1,0,29,30,29,y,0,1,0,CO,2,15
1,1,1,0,29,30,29,y,0,1,0,CO,2,15
1,1,1,1,29,30,29,y,0,1,0,CO,2,15
0,1,0,0,29,29,30,b,1,0,0,CO,2,15
0,1,0,0,29,29,30,b,1,0,0,CO,2,15
0,1,1,0,32,32,31,b,1,0,0,CO,0,16
1,1,0,0,32,31,32,y,0,1,0,CO,0,16
0,1,0,1,31,31,32,b,1,0,0,CO,0,16
1,1,1,0,31,31,32,b,1,0,0,CO,0,16
1,1,1,0,31,31,32,b,1,0,0,CO,0,16
1,1,1,1,31,31,32,b,1,0,0,CO,0,16
0,1,0,0,31,32,31,y,0,1,0,CO,0,16
0,1,1,1,32,32,31,b,1,0,0,CO,0,16
0,1,1,0,32,31,32,y,0,1,0,CO,0,16
0,1,1,0,32,32,31,b,1,0,0,CO,0,16
0,1,1,1,32,32,31,b,1,0,0,CO,0,16
0,1,0,1,31,31,32,b,1,0,0,CO,0,16
1,1,1,0,31,31,32,b,1,0,0,CO,0,16
1,1,0,0,32,31,32,y,0,1,0,CO,0,16
0,1,1,1,32,31,32,y,0,1,0,CO,0,16
1,1,1,0,31,32,31,y,0,1,0,CO,0,16
1,1,0,1,32,31,32,y,0,1,0,CO,0,16
0,1,0,1,31,31,32,b,1,0,0,CO,0,16
1,1,0,1,32,32,31,b,1,0,0,CO,0,16
1,1,0,1,32,31,32,y,0,1,0,CO,0,16
0,1,0,0,31,32,31,y,0,1,0,CO,0,16
1,1,0,0,32,31,32,y,0,1,0,CO,0,16
0,1,0,1,31,32,31,y,0,1,0,CO,0,16
0,1,0,0,31,31,32,b,1,0,0,CO,0,16
0,1,0,1,31,31,32,b,1,0,0,CO,0,16
1,1,0,1,32,31,32,y,0,1,0,CO,0,16
1,1,1,0,31,31,32,b,1,0,0,CO,0,16
1,1,0,0,32,31,32,y,0,1,0,CO,0,16
0,1,1,1,32,32,31,b,1,0,0,CO,0,16
0,1,1,0,32,32,31,b,1,0,0,CO,0,16
0,1,1,0,32,31,32,y,0,1,0,CO,0,16
1,1,0,1,32,31,32,y,0,1,0,CO,0,16
0,1,1,0,32,32,31,b,1,0,0,CO,0,16
0,1,0,0,31,32,31,y,0,1,0,CO,0,16
0,1,1,0,32,31,32,y,0,1,0,CO,0,16
0,1,1,0,32,32,31,b,1,0,0,CO,0,16
0,1,0,0,31,32,31,y,0,1,0,CO,0,16
1,1,1,0,31,31,32,b,1,0,0,CO,0,16
1,1,0,1,32,31,32,y,0,1,0,CO,0,16
1,1,0,1,32,32,31,b,1,0,0,CO,0,16
1,1,0,0,32,32,31,b,1,0,0,CO,0,16
0,1,0,0,31,31,32,b,1,0,0,CO,0,16
1,1,1,1,31,32,31,y,0,1,0,CO,0,16
1,1,0,0,32,32,31,b,1,0,0,CO,0,16
1,1,1,1,31,32,31,y,0,1,0,CO,0,16
0,1,1,0,32,32,31,b,1,0,0,CO,0,16
1,1,0,0,32,32,31,b,1,0,0,CO,0,16
0,1,0,1,31,32,31,y,0,1,0,CO,0,16
0,1,0,0,31,32,31,y,0,1,0,CO,0,16
1,1,1,0,31,31,32,b,1,0,0,CO,0,16
1,1,1,0,31,32,31,y,0,1,0,CO,0,16
0,1,1,0,32,31,32,y,0,1,0,CO,0,16
1,1,0,0,32,32,31,b,1,0,0,CO,0,16
1,1,1,1,31,31,32,b,1,0,0,CO,0,16
0,1,1,1,32,32,31,b,1,0,0,CO,0,16
0,1,1,1,32,32,31,b,1,0,0,CO,0,16
0,1,0,1,31,31,32,b,1,0,0,CO,0,16
0,1,0,0,31,32,31,y,0,1,0,CO,0,16
1,1,1,1,31,31,32,b,1,0,0,CO,0,16
1,1,0,1,32,32,31,b,1,0,0,CO,0,16
0,1,1,1,32,31,32,y,0,1,0,CO,0,16
0,1,0,0,31,31,32,b,1,0,0,CO,0,16
0,1,1,1,32,31,32,y,0,1,0,CO,0,16
1,1,1,0,31,32,31,y,0,1,0,CO,0,16
1,1,1,1,31,32,31,y,0,1,0,CO,0,16
1,1,0,1,32,31,32,y,0,1,0,CO,0,16
1,1,1,1,31,32,31,y,0,1,0,CO,0,16
1,1,1,1,31,32,31,y,0,1,0,CO,0,16
0,1,0,1,31,32,31,y,0,1,0,CO,0,16
0,1,0,1,31,32,31,y,0,1,0,CO,0,16
1,1,1,0,31,31,32,b,1,0,0,CO,0,16
1,1,1,1,31,32,31,y,0,1,0,CO,0,16
1,1,0,0,32,32,31,b,1,0,0,CO,0,16
0,1,1,1,32,32,31,b,1,0,0,CO,0,16
1,1,1,1,31,32,31,y,0,1,0,CO,0,16
0,1,1,1,32,32,31,b,1,0,0,CO,0,16
1,1,0,1,32,31,32,y,0,1,0,CO,0,16
0,1,0,0,31,32,31,y,0,1,0,CO,0,16
1,1,0,0,32,31,32,y,0,1,0,CO,0,16
0,1,0,1,31,32,31,y,0,1,0,CO,0,16
0,1,1,0,33,33,34,b,1,0,0,CD,0,17
1,1,0,1,33,33,34,b,1,0,0,CD,0,17
1,1,0,0,34,33,34,y,0,1,0,CD,0,17
0,1,1,0,33,34,33,y,0,1,0,CD,0,17
0,1,1,1,34,34,33,b,1,0,0,CD,0,17
1,1,0,1,33,34,33,y,0,1,0,CD,0,17
0,1,1,1,34,34,33,b,1,0,0,CD,0,17
0,1,0,0,33,33,34,b,1,0,0,CD,0,17
0,1,0,1,34,33,34,y,0,1,0,CD,0,17
1,1,1,0,34,33,34,y,0,1,0,CD,0,17
1,1,0,1,33,33,34,b,1,0,0,CD,0,17
1,1,0,1,33,33,34,b,1,0,0,CD,0,17
1,1,1,0,34,34,33,b,1,0,0,CD,0,17
0,1,1,0,33,33,34,b,1,0,0,CD,0,17
1,1,0,0,34,33,34,y,0,1,0,CD,0,17
1,1,1,0,34,34,33,b,1,0,0,CD,0,17
0,1,0,1,34,33,34,y,0,1,0,CD,0,17
1,1,0,1,33,34,33,y,0,1,0,CD,0,17
1,1,1,0,34,33,34,y,0,1,0,CD,0,17
1,1,1,1,33,34,33,y,0,1,0,CD,0,17
0,1,1,0,33,34,33,y,0,1,0,CD,0,17
0,1,1,0,33,34,33,y,0,1,0,CD,0,17
0,1,0,0,33,33,34,b,1,0,0,CD,0,17
1,1,1,0,34,34,33,b,1,0,0,CD,0,17
1,1,1,1,33,34,33,y,0,1,0,CD,0,17
1,1,1,0,34,33,34,y,0,1,0,CD,0,17
0,1,1,0,33,34,33,y,0,1,0,CD,0,17
1,1,1,0,34,34,33,b,1,0,0,CD,0,17
1,1,1,0,34,33,34,y,0,1,0,CD,0,17
1,1,0,0,34,33,34,y,0,1,0,CD,0,17
0,1,0,0,33,34,33,y,0,1,0,CD,0,17
1,1,0,0,34,33,34,y,0,1,0,CD,0,17
0,1,0,0,33,33,34,b,1,0,0,CD,0,17
0,1,1,0,33,34,33,y,0,1,0,CD,0,17
0,1,0,0,33,33,34,b,1,0,0,CD,0,17
0,1,0,1,34,33,34,y,0,1,0,CD,0,17
1,1,1,1,33,33,34,b,1,0,0,CD,0,17
0,1,1,1,34,33,34,y,0,1,0,CD,0,17
1,1,0,0,34,34,33,b,1,0,0,CD,0,17
0,1,1,1,34,34,33,b,1,0,0,CD,0,17
1,1,0,0,34,33,34,y,0,1,0,CD,0,17
1,1,1,1,33,33,34,b,1,0,0,CD,0,17
0,1,1,0,33,34,33,y,0,1,0,CD,0,17
0,1,1,1,34,33,34,y,0,1,0,CD,0,17
1,1,1,1,33,34,33,y,0,1,0,CD,0,17
0,1,0,0,33,34,33,y,0,1,0,CD,0,17
0,1,1,1,34,33,34,y,0,1,0,CD,0,17
1,1,1,0,34,33,34,y,0,1,0,CD,0,17
0,1,0,0,33,33,34,b,1,0,0,CD,0,17
1,1,0,1,33,33,34,b,1,0,0,CD,0,17
0,1,0,0,33,34,33,y,0,1,0,CD,0,17
1,1,1,1,33,33,34,b,1,0,0,CD,0,17
1,1,0,1,33,34,33,y,0,1,0,CD,0,17
1,1,1,1,33,33,34,b,1,0,0,CD,0,17
0,1,1,1,34,33,34,y,0,1,0,CD,0,17
1,1,1,1,33,33,34,b,1,0,0,CD,0,17
1,1,0,1,33,34,33,y,0,1,0,CD,0,17
0,1,1,1,34,33,34,y,0,1,0,CD,0,17
0,1,1,0,33,34,33,y,0,1,0,CD,0,17
1,1,0,1,33,34,33,y,0,1,0,CD,0,17
0,1,0,1,34,33,34,y,0,1,0,CD,0,17
1,1,1,1,33,34,33,y,0,1,0,CD,0,17
1,1,0,1,33,34,33,y,0,1,0,CD,0,17
0,1,1,1,34,33,34,y,0,1,0,CD,0,17
1,1,0,0,34,34,33,b,1,0,0,CD,0,17
0,1,0,1,34,33,34,y,0,1,0,CD,0,17
0,1,0,1,34,33,34,y,0,1,0,CD,0,17
0,1,0,1,34,34,33,b,1,0,0,CD,0,17
1,1,0,0,34,33,34,y,0,1,0,CD,0,17
1,1,0,0,34,33,34,y,0,1,0,CD,0,17
0,1,1,1,34,33,34,y,0,1,0,CD,0,17
1,1,1,1,33,33,34,b,1,0,0,CD,0,17
1,1,0,0,34,34,33,b,1,0,0,CD,0,17
0,1,1,0,33,33,34,b,1,0,0,CD,0,17
0,1,0,1,34,34,33,b,1,0,0,CD,0,17
0,1,0,0,33,34,33,y,0,1,0,CD,0,17
1,1,1,0,34,33,34,y,0,1,0,CD,0,17
0,1,0,0,33,34,33,y,0,1,0,CD,0,17
0,1,0,1,34,33,34,y,0,1,0,CD,0,17
0,1,0,1,34,34,33,b,1,0,0,CD,0,17
1,1,1,1,35,35,36,b,1,0,0,CD,0,18
0,1,0,0,35,36,35,y,0,1,0,CD,0,18
1,1,0,1,35,35,36,b,1,0,0,CD,0,18
1,1,0,1,35,36,35,y,0,1,0,CD,0,18
0,1,1,0,35,36,35,y,0,1,0,CD,0,18
0,1,0,1,36,36,35,b,1,0,0,CD,0,18
1,1,1,1,35,35,36,b,1,0,0,CD,0,18
0,1,1,0,35,35,36,b,1,0,0,CD,0,18
0,1,0,0,35,35,36,b,1,0,0,CD,0,18
1,1,1,1,35,36,35,y,0,1,0,CD,0,18
0,1,1,1,36,35,36,y,0,1,0,CD,0,18
0,1,0,1,36,36,35,b,1,0,0,CD,0,18
0,1,0,0,35,35,36,b,1,0,0,CD,0,18
1,1,1,0,36,35,36,y,0,1,0,CD,0,18
1,1,1,0,36,36,35,b,1,0,0,CD,0,18
0,1,1,0,35,36,35,y,0,1,0,CD,0,18
1,1,0,0,36,35,36,y,0,1,0,CD,0,18
0,1,1,1,36,36,35,b,1,0,0,CD,0,18
0,1,0,1,36,36,35,b,1,0,0,CD,0,18
1,1,0,1,35,35,36,b,1,0,0,CD,0,18
0,1,0,1,36,35,36,y,0,1,0,CD,0,18
0,1,0,1,36,36,35,b,1,0,0,CD,0,18
1,1,0,1,35,36,35,y,0,1,0,CD,0,18
1,1,0,1,35,35,36,b,1,0,0,CD,0,18
1,1,1,0,36,35,36,y,0,1,0,CD,0,18
0,1,1,0,35,36,35,y,0,1,0,CD,0,18
0,1,1,1,36,35,36,y,0,1,0,CD,0,18
0,1,0,1,36,35,36,y,0,1,0,CD,0,18
1,1,0,0,36,35,36,y,0,1,0,CD,0,18
0,1,1,0,35,35,36,b,1,0,0,CD,0,18
0,1,0,0,35,36,35,y,0,1,0,CD,0,18
1,1,1,0,36,36,35,b,1,0,0,CD,0,18
1,1,1,1,35,36,35,y,0,1,0,CD,0,18
0,1,1,1,36,36,35,b,1,0,0,CD,0,18
1,1,0,1,35,35,36,b,1,0,0,CD,0,18
0,1,1,0,35,36,35,y,0,1,0,CD,0,18
1,1,1,1,35,36,35,y,0,1,0,CD,0,18
0,1,0,1,36,35,36,y,0,1,0,CD,0,18
0,1,0,0,35,36,35,y,0,1,0,CD,0,18
0,1,1,0,35,35,36,b,1,0,0,CD,0,18
1,1,1,0,36,36,35,b,1,0,0,CD,0,18
0,1,1,1,36,35,36,y,0,1,0,CD,0,18
0,1,0,0,35,36,35,y,0,1,0,CD,0,18
1,1,1,0,36,36,35,b,1,0,0,CD,0,18
0,1,1,0,35,36,35,y,0,1,0,CD,0,18
0,1,1,1,36,35,36,y,0,1,0,CD,0,18
0,1,0,0,35,35,36,b,1,0,0,CD,0,18
1,1,0,0,36,36,35,b,1,0,0,CD,0,18
0,1,1,0,35,36,35,y,0,1,0,CD,0,18
1,1,0,0,36,36,35,b,1,0,0,CD,0,18
1,1,1,0,36,35,36,y,0,1,0,CD,0,18
1,1,0,0,36,35,36,y,0,1,0,CD,0,18
0,1,0,1,36,35,36,y,0,1,0,CD,0,18
0,1,1,1,36,35,36,y,0,1,0,CD,0,18
1,1,0,1,35,35,36,b,1,0,0,CD,0,18
0,1,1,0,35,36,35,y,0,1,0,CD,0,18
1,1,1,0,36,36,35,b,1,0,0,CD,0,18
0,1,0,0,35,36,35,y,0,1,0,CD,0,18
1,1,1,1,35,35,36,b,1,0,0,CD,0,18
0,1,1,1,36,35,36,y,0,1,0,CD,0,18
0,1,0,1,36,36,35,b,1,0,0,CD,0,18
1,1,1,1,35,35,36,b,1,0,0,CD,0,18
1,1,0,0,36,35,36,y,0,1,0,CD,0,18
1,1,0,0,36,36,35,b,1,0,0,CD,0,18
1,1,1,0,36,35,36,y,0,1,0,CD,0,18
1,1,0,1,35,36,35,y,0,1,0,CD,0,18
1,1,1,1,35,36,35,y,0,1,0,CD,0,18
0,1,0,0,35,36,35,y,0,1,0,CD,0,18
0,1,1,1,36,36,35,b,1,0,0,CD,0,18
1,1,0,0,36,35,36,y,0,1,0,CD,0,18
1,1,0,0,36,35,36,y,0,1,0,CD,0,18
1,1,1,1,35,35,36,b,1,0,0,CD,0,18
1,1,0,1,35,36,35,y,0,1,0,CD,0,18
1,1,0,0,36,35,36,y,0,1,0,CD,0,18
0,1,0,1,36,36,35,b,1,0,0,CD,0,18
0,1,1,1,36,35,36,y,0,1,0,CD,0,18
0,1,0,0,35,36,35,y,0,1,0,CD,0,18
1,1,1,1,35,35,36,b,1,0,0,CD,0,18
1,1,0,1,35,36,35,y,0,1,0,CD,0,18
1,1,1,0,36,35,36,y,0,1,0,CD,0,18
0,1,1,0,37,38,37,y,0,1,0,CD,1,19
0,1,1,1,37,37,38,b,1,0,0,CD,1,19
1,1,1,0,37,38,37,y,0,1,0,CD,1,19
0,1,0,1,37,37,38,b,1,0,0,CD,1,19
1,1,0,1,38,38,37,b,1,0,0,CD,1,19
1,1,0,0,37,38,37,y,0,1,0,CD,1,19
1,1,1,0,37,38,37,y,0,1,0,CD,1,19
0,1,0,0,37,38,37,y,0,1,0,CD,1,19
1,1,1,0,37,38,37,y,0,1,0,CD,1,19
0,1,1,1,37,37,38,b,1,0,0,CD,1,19
1,1,1,0,37,38,37,y,0,1,0,CD,1,19
1,1,1,1,38,38,37,b,1,0,0,CD,1,19
0,1,0,1,37,38,37,y,0,1,0,CD,1,19
0,1,1,1,37,37,38,b,1,0,0,CD,1,19
0,1,0,0,37,38,37,y,0,1,0,CD,1,19
1,1,1,1,38,38,37,b,1,0,0,CD,1,19
1,1,0,1,38,38,37,b,1,0,0,CD,1,19
0,1,0,1,37,37,38,b,1,0,0,CD,1,19
1,1,0,0,37,38,37,y,0,1,0,CD,1,19
0,1,0,0,37,37,38,b,1,0,0,CD,1,19
0,1,0,1,37,38,37,y,0,1,0,CD,1,19
1,1,0,1,38,37,38,y,0,1,0,CD,1,19
1,1,0,1,38,37,38,y,0,1,0,CD,1,19
0,1,0,0,37,38,37,y,0,1,0,CD,1,19
0,1,0,0,37,37,38,b,1,0,0,CD,1,19
1,1,1,0,37,37,38,b,1,0,0,CD,1,19
0,1,0,1,37,38,37,y,0,1,0,CD,1,19
0,1,1,0,37,38,37,y,0,1,0,CD,1,19
0,1,0,1,37,38,37,y,0,1,0,CD,1,19
0,1,1,1,37,37,38,b,1,0,0,CD,1,19
0,1,0,0,37,38,37,y,0,1,0,CD,1,19
0,1,0,0,37,37,38,b,1,0,0,CD,1,19
0,1,0,1,37,38,37,y,0,1,0,CD,1,19
1,1,1,0,37,38,37,y,0,1,0,CD,1,19
1,1,1,1,38,38,37,b,1,0,0,CD,1,19
0,1,1,1,37,37,38,b,1,0,0,CD,1,19
0,1,0,1,37,38,37,y,0,1,0,CD,1,19
1,1,0,0,37,37,38,b,1,0,0,CD,1,19
0,1,1,0,37,37,38,b,1,0,0,CD,1,19
1,1,1,1,38,37,38,y,0,1,0,CD,1,19
0,1,1,1,37,38,37,y,0,1,0,CD,1,19
1,1,0,0,37,38,37,y,0,1,0,CD,1,19
1,1,0,0,37,38,37,y,0,1,0,CD,1,19
1,1,1,1,38,38,37,b,1,0,0,CD,1,19
1,1,0,1,38,38,37,b,1,0,0,CD,1,19
0,1,1,0,37,37,38,b,1,0,0,CD,1,19
1,1,0,0,37,38,37,y,0,1,0,CD,1,19
0,1,0,0,37,38,37,y,0,1,0,CD,1,19
1,1,1,1,38,38,37,b,1,0,0,CD,1,19
1,1,1,1,38,38,37,b,1,0,0,CD,1,19
1,1,1,1,38,38,37,b,1,0,0,CD,1,19
1,1,0,1,38,37,38,y,0,1,0,CD,1,19
1,1,0,0,37,37,38,b,1,0,0,CD,1,19
0,1,1,1,37,37,38,b,1,0,0,CD,1,19
1,1,1,1,38,37,38,y,0,1,0,CD,1,19
1,1,0,1,38,38,37,b,1,0,0,CD,1,19
1,1,0,0,37,37,38,b,1,0,0,CD,1,19
0,1,1,1,37,38,37,y,0,1,0,CD,1,19
0,1,1,1,37,37,38,b,1,0,0,CD,1,19
1,1,0,0,37,37,38,b,1,0,0,CD,1,19
1,1,1,0,37,37,38,b,1,0,0,CD,1,19
0,1,1,1,37,38,37,y,0,1,0,CD,1,19
0,1,1,0,37,38,37,y,0,1,0,CD,1,19
0,1,0,1,37,37,38,b,1,0,0,CD,1,19
0,1,0,0,37,38,37,y,0,1,0,CD,1,19
1,1,0,1,38,37,38,y,0,1,0,CD,1,19
1,1,1,1,38,37,38,y,0,1,0,CD,1,19
0,1,1,0,37,38,37,y,0,1,0,CD,1,19
0,1,1,0,37,38,37,y,0,1,0,CD,1,19
1,1,1,0,37,38,37,y,0,1,0,CD,1,19
0,1,1,0,37,37,38,b,1,0,0,CD,1,19
1,1,0,1,38,38,37,b,1,0,0,CD,1,19
1,1,0,0,37,37,38,b,1,0,0,CD,1,19
0,1,0,1,37,37,38,b,1,0,0,CD,1,19
1,1,0,1,38,37,38,y,0,1,0,CD,1,19
1,1,1,0,37,38,37,y,0,1,0,CD,1,19
0,1,1,0,37,37,38,b,1,0,0,CD,1,19
0,1,0,0,37,38,37,y,0,1,0,CD,1,19
0,1,1,0,37,37,38,b,1,0,0,CD,1,19
1,1,1,0,37,37,38,b,1,0,0,CD,1,19
0,1,1,1,39,39,40,b,1,0,0,OD,0,20
0,1,1,1,39,40,39,y,0,1,0,OD,0,20
0,1,0,0,39,40,39,y,0,1,0,OD,0,20
1,1,1,0,40,39,40,y,0,1,0,OD,0,20
0,1,1,0,40,40,39,b,1,0,0,OD,0,20
0,1,1,1,39,40,39,y,0,1,0,OD,0,20
0,1,1,0,40,40,39,b,1,0,0,OD,0,20
0,1,1,1,39,40,39,y,0,1,0,OD,0,20
1,1,0,1,40,40,39,b,1,0,0,OD,0,20
0,1,0,0,39,40,39,y,0,1,0,OD,0,20
0,1,1,0,40,40,39,b,1,0,0,OD,0,20
0,1,0,0,39,39,40,b,1,0,0,OD,0,20
1,1,1,0,40,39,40,y,0,1,0,OD,0,20
0,1,0,1,40,39,40,y,0,1,0,OD,0,20
1,1,1,1,39,40,39,y,0,1,0,OD,0,20
1,1,0,0,39,40,39,y,0,1,0,OD,0,20
1,1,1,0,40,39,40,y,0,1,0,OD,0,20
0,1,0,0,39,40,39,y,0,1,0,OD,0,20
1,1,1,0,40,40,39,b,1,0,0,OD,0,20
0,1,1,0,40,39,40,y,0,1,0,OD,0,20
0,1,0,0,39,39,40,b,1,0,0,OD,0,20
0,1,0,0,39,40,39,y,0,1,0,OD,0,20
1,1,1,1,39,40,39,y,0,1,0,OD,0,20
1,1,0,0,39,40,39,y,0,1,0,OD,0,20
1,1,0,1,40,39,40,y,0,1,0,OD,0,20
0,1,1,1,39,40,39,y,0,1,0,OD,0,20
0,1,0,0,39,40,39,y,0,1,0,OD,0,20
0,1,1,1,39,39,40,b,1,0,0,OD,0,20
0,1,0,0,39,39,40,b,1,0,0,OD,0,20
0,1,1,1,39,39,40,b,1,0,0,OD,0,20
1,1,1,0,40,39,40,y,0,1,0,OD,0,20
0,1,1,1,39,39,40,b,1,0,0,OD,0,20
0,1,0,1,40,40,39,b,1,0,0,OD,0,20
0,1,0,1,40,39,40,y,0,1,0,OD,0,20
0,1,0,0,39,39,40,b,1,0,0,OD,0,20
0,1,0,1,40,39,40,y,0,1,0,OD,0,20
0,1,1,1,39,40,39,y,0,1,0,OD,0,20
1,1,1,1,39,39,40,b,1,0,0,OD,0,20
1,1,1,1,39,40,39,y,0,1,0,OD,0,20
1,1,1,0,40,39,40,y,0,1,0,OD,0,20
0,1,1,0,40,40,39,b,1,0,0,OD,0,20
0,1,1,0,40,39,40,y,0,1,0,OD,0,20
1,1,1,1,39,40,39,y,0,1,0,OD,0,20
0,1,1,1,39,39,40,b,1,0,0,OD,0,20
1,1,0,1,40,39,40,y,0,1,0,OD,0,20
0,1,1,0,40,40,39,b,1,0,0,OD,0,20
1,1,1,1,39,39,40,b,1,0,0,OD,0,20
1,1,1,0,40,40,39,b,1,0,0,OD,0,20
1,1,0,1,40,40,39,b,1,0,0,OD,0,20
1,1,0,1,40,40,39,b,1,0,0,OD,0,20
1,1,0,1,40,39,40,y,0,1,0,OD,0,20
1,1,1,1,39,40,39,y,0,1,0,OD,0,20
1,1,1,1,39,40,39,y,0,1,0,OD,0,20
0,1,0,1,40,40,39,b,1,0,0,OD,0,20
0,1,0,1,40,39,40,y,0,1,0,OD,0,20
0,1,1,0,40,39,40,y,0,1,0,OD,0,20
1,1,0,0,39,39,40,b,1,0,0,OD,0,20
0,1,0,1,40,40,39,b,1,0,0,OD,0,20
0,1,1,0,40,39,40,y,0,1,0,OD,0,20
0,1,1,0,40,40,39,b,1,0,0,OD,0,20
1,1,0,0,39,40,39,y,0,1,0,OD,0,20
1,1,0,1,40,39,40,y,0,1,0,OD,0,20
1,1,0,1,40,39,40,y,0,1,0,OD,0,20
1,1,0,0,39,39,40,b,1,0,0,OD,0,20
1,1,0,0,39,40,39,y,0,1,0,OD,0,20
0,1,0,0,39,39,40,b,1,0,0,OD,0,20
1,1,1,0,40,40,39,b,1,0,0,OD,0,20
0,1,0,1,40,39,40,y,0,1,0,OD,0,20
1,1,0,1,40,39,40,y,0,1,0,OD,0,20
1,1,1,0,40,39,40,y,0,1,0,OD,0,20
1,1,0,1,40,39,40,y,0,1,0,OD,0,20
1,1,0,0,39,39,40,b,1,0,0,OD,0,20
1,1,0,0,39,39,40,b,1,0,0,OD,0,20
1,1,0,0,39,40,39,y,0,1,0,OD,0,20
1,1,1,1,39,39,40,b,1,0,0,OD,0,20
1,1,0,0,39,39,40,b,1,0,0,OD,0,20
0,1,0,1,40,40,39,b,1,0,0,OD,0,20
1,1,1,0,40,39,40,y,0,1,0,OD,0,20
1,1,1,1,39,40,39,y,0,1,0,OD,0,20
0,1,0,1,40,39,40,y,0,1,0,OD,0,20
