Var1_1,Var1_2,Var1_3,Var1_4,Var1_5,Var1_6,Var1_7,Var1_8,Var1_9,Var1_10,Var1_11,Var1_12,Var1_13,Var1_14,Var1_15,Var1_16,Var1_17,Var1_18,Var1_19,Var1_20,Var1_21,Var1_22,Var1_23,Var1_24,Var1_25,Var1_26,Var1_27,Var1_28,Var1_29,Var1_30,Var1_31,Var1_32,Var1_33,Var1_34,Var1_35,Var1_36,Var1_37,Var1_38,Var1_39,Var1_40,Var1_41,Var1_42,Var1_43,Var1_44,Var1_45,Var1_46,Var1_47,Var1_48,Var1_49,Var1_50,Var1_51,Var1_52,Var1_53,Var1_54,Var1_55,Var1_56,Var1_57,Var1_58,Var1_59,Var1_60,Var1_61,Var1_62,Var1_63,Var1_64,Var1_65,Var1_66,Var1_67,Var1_68,Var1_69,Var1_70,Var1_71,Var1_72,Var1_73,Var1_74,Var1_75,Var1_76,Var1_77,Var1_78,Var1_79,Var1_80,Var1_81,Var1_82,Var1_83,Var1_84,Var1_85,Var1_86,Var1_87,Var1_88,Var1_89,Var1_90,Var1_91,Var1_92,Var1_93,Var1_94,Var1_95,Var1_96,Var1_97,Var1_98,Var1_99
0.971417560733146,0.0149851560606011,0.835215765065691,0.551763336178554,0.934124933608187,0.621382829590289,0.962020163822452,0.799442749433277,0.851382264064267,0.533744750626444,0.444412344225854,0.0287592092780123,0.447649085026116,0.155730225134112,0.909392581777864,0.79329262956612,0.913727863258834,0.405808840912633,0.441577194037214,0.531966790400759,0.480837447450967,0.859470091366217,0.00423534818673845,0.924671470772977,0.899300993280495,0.0445066592103572,0.130817250087067,0.00216888473341387,0.297679200986128,0.94058036348087,0.0243528008458064,0.914577405375434,0.828738667887021,0.0285820632237353,0.984787307367214,0.164369044465403,0.445911813332473,0.0657871539881204,0.376577308735224,0.0379700444574861,0.200067335917645,0.147472758173893,0.463755713632667,0.528056026272851,0.971022471074798,0.539361233909292,0.841196450747839,0.0903582541116242,0.206450271286081,0.0862194603146292,0.59151038570943,0.556584153172946,0.466600465840803,0.517538114839387,0.139809436942854,0.995254676529677,0.0751691262743001,0.100618727938138,0.953880480820621,0.864985814305524,0.997551123167356,0.696570794656696,0.0572087825788141,0.974171146956009,0.0849504922616942,0.166157371722443,3.76043118780338e-07,0.000227536572184825,0.000415190468906206,0.00232485048897277,8.79124036929255e-05,0.00203986167448659,9.79172006234601e-06,0.00048991464907811,0.00114497776183906,0.00249953574088976,0.0275316295012951,0.000218319647189446,0.0129896810645919,0.00307332411804894,0.000249164110511951,0.000257099147799741,5.26764265372205e-05,0.00268077337793669,0.0018386527898407,0.00143274375843788,0.00162443770964604,0.000720471690929119,0.000509975283584423,0.000159402952722838,8.02787813664439e-05,0.00161285996902203,0.00419693560740977,0.000279992099230018,0.00575000435717556,0.00221085394031566,0.00147605219818493,0.00047210236287137,0.00510396039053558
8.45353150359273e-05,6.30365117771598e-05,2.91191674681768e-06,0.00360977927254693,0.00554098484439432,7.05430832273494e-05,2.31427531657455e-05,0.000264343406540173,2.88676504019723e-07,7.41145784817877e-07,7.2443316422799e-06,1.3217507019943e-05,0.000360749184419704,0.000158687270058019,8.92235859410947e-05,0.000217517225760185,0.000124304889811156,0.000659492422735267,1.67909154815458e-05,3.32323134252182e-06,0.000505545609054482,0.000190893213893876,0.000203414016827063,0.000152990435577474,5.68782922347665e-06,1.90400157051684e-05,0.00013331368509563,2.48411495973759e-05,0.000192309775757439,5.82540484978509e-06,2.28426211527182e-06,5.8262127978807e-06,0.000282708180588244,0.999557211449981,0.998401372630485,0.999503946990708,0.996197927680012,0.994413367761005,0.997554333837562,0.997702191703987,0.991868459500164,0.999921715685952,0.999962046160252,0.99899183880859,0.998241397610127,0.998800028150047,0.996383004619921,0.999836687517098,0.997988068352157,0.998447767515936,0.998924638100123,0.997778405112691,0.999891490718665,0.998360908681386,0.999547954072191,0.998961244225875,0.996312790577142,0.999761380248242,0.999745045290765,0.998961885466973,0.999535161842123,0.999633874389694,0.999710608139683,0.999653165072577,0.999844953675592,0.999249616043683,0.000358253234983088,0.00153559085773779,0.000493141092545103,0.000192293047441128,4.56473946002997e-05,0.00237512307921037,0.00227466554284694,0.00786719709329592,7.79956375443048e-05,3.72126939638621e-05,0.00100091685976781,0.00174538488285326,0.000839222665532939,0.00345830811002069,7.40888969612332e-05,0.00179441442208261,0.00142792759425322,0.000415869477142101,0.00220480397182739,0.000105186049992287,0.00113354570955962,0.000261152713915161,0.000835341757298193,0.00353421898728037,0.000232931922534769,0.000235914693529513,0.000904800847931319,0.000439997008279912,0.000173815834548122,0.000283566455466747,0.00034455066530792,0.000149220111610067,0.000467675775728669
5.4900904326785e-06,2.29891942331604e-06,2.91092837084703e-07,0.00230202173651206,5.16694311052866e-06,1.55192028785152e-06,9.70580092991325e-09,5.66842779933204e-06,1.12392859504834e-07,1.06864119288512e-05,8.82675801589055e-07,2.40453280938055e-05,6.32535146812188e-07,7.50070826996648e-05,0.000301872776335636,1.82634486373657e-05,0.00035761442893602,0.000678355267554069,0.0063344536100747,2.55443382199894e-05,1.42978420741909e-05,3.79049658131718e-05,5.82782364319461e-06,0.000522736814699942,8.60053495879377e-05,1.21767304987806e-06,6.02600465736121e-06,0.000105437576886316,0.000147547542745886,8.00961116354735e-06,4.04320633870447e-05,4.80906222105361e-06,5.48480320638576e-05,0.99861344142226,0.998744556844733,0.99988544322867,0.996743780146826,0.999891338975321,0.999334857042961,0.999988045093213,0.999930025311659,0.999878545992149,0.999004046418393,0.999735337610681,0.996603715034933,0.999666357378365,0.996382812825035,0.996459350616644,0.996577877505136,0.999189979789669,0.998549318728926,0.991034576465567,0.998974626530045,0.99992989760782,0.998615380563469,0.999865466651786,0.996274797817449,0.999727708679315,0.999910894231131,0.996051683289233,0.995498602091993,0.998579416642225,0.999524664859207,0.99908654922475,0.999597139528513,0.999365823895845,0.00138106848730671,0.00125314423584357,0.000114265678493376,0.00095419811666144,0.000103494081568794,0.000663591036750688,1.19452009860328e-05,6.43062605419938e-05,0.000121341614991564,0.000985267169678366,0.000263779713517021,0.0033722396369739,0.000333010086488255,0.00354218009226517,0.00323877660702056,0.00340385904622689,0.000452405781394554,0.000772326003519928,0.00263096992435818,0.000999829131734665,5.58045501059492e-05,0.0013467144707174,0.000128705524570544,0.00320246536785101,0.000186285971096757,8.78880958194417e-05,0.00394229070610928,0.00439596033112102,0.00127303581502893,0.00046732552962914,0.000873018711862881,0.000398051409266022,0.000579328072091509
1.1957043738273e-05,3.66047092184236e-07,4.74040946479637e-05,0.00344991158456387,1.94030284444621e-06,9.04305048384313e-06,1.40013368258256e-06,4.52319532115839e-05,6.14077060631362e-06,7.60467305164316e-05,7.48228330018933e-08,3.42598068889995e-05,1.21314801155961e-05,1.70792169511442e-06,0.00705189705715574,0.000160566036906741,1.31207345941456e-06,4.08668740646041e-06,8.11795394062989e-06,2.08917746483939e-05,4.49165437757676e-05,3.52045052844573e-05,0.000121373969783303,9.94097957785913e-06,0.000277554042029671,1.57940542635978e-05,7.51889605845066e-05,8.86035663069541e-06,1.02132564481611e-06,0.000141614935060478,5.15790423187104e-07,4.91291352237094e-05,4.57183586606144e-07,0.999472274148448,0.999980219145145,0.999046187363838,0.994723808407551,0.999934552727133,0.99901327106426,0.999820456675652,0.996652650661654,0.998883863779565,0.999439630905414,0.999670657205015,0.99887939543152,0.99982797695726,0.999831582094271,0.992281697412249,0.992267764396594,0.999914316818906,0.999794216023775,0.999460221115865,0.998605912304958,0.996735422242676,0.998891764968805,0.997311266418146,0.999490448134862,0.998894397930846,0.998337306278972,0.994881934355559,0.999667849812481,0.999937849009544,0.997029608465196,0.999922186948289,0.998803393596417,0.999955046582279,0.000515768807813792,1.94148077624707e-05,0.000906408541514442,0.0018262800078846,6.35069700221038e-05,0.000977685885255979,0.000178143190665785,0.00330211738513434,0.00110999544982867,0.000484322364069539,0.000329267972151658,0.0010863447615906,0.000159891562624529,0.000166709984033892,0.000666405530595393,0.00757166956649872,8.43711076347959e-05,0.000201697288818299,0.00053166093019394,0.00137319592039378,0.00321966121354843,0.00107303052591072,0.00256735961207031,0.000499610885560123,0.000828048027124606,0.00164689966676414,0.00504287668385654,0.000323289830888448,6.11296648115765e-05,0.00282877659974373,7.72972612881243e-05,0.00114747726835949,4.44962341340256e-05
0.000138145440906364,1.16218576146466e-05,1.97038601790743e-05,1.69788953332821e-07,5.31468243730682e-05,9.31664092039616e-07,3.51170009368821e-06,1.01900281034342e-07,1.18272215475396e-06,2.76900736638424e-05,0.000312347808843731,1.03895027600425e-06,3.45143512903207e-07,0.000104987674552592,2.58070471263586e-06,6.05168918588336e-06,1.68244128435751e-05,1.22954070661679e-07,2.3552355200412e-06,9.29710745039749e-06,0.000218614398141541,1.9321520669369e-06,1.94634692925051e-07,8.62190989416585e-06,9.56519267214224e-05,9.82211591708993e-07,5.79044500616208e-07,5.36397405923685e-07,1.74280554302654e-06,0.00033298870320517,2.2244135705884e-05,8.78873766573268e-06,0.000181165852442926,0.99663444963876,0.999909693022387,0.997676348567333,0.999863007907117,0.998630373534214,0.999820195448479,0.999725223393591,0.999986182235647,0.999654614058176,0.995855589563222,0.978079911624336,0.999426984142094,0.999971548539253,0.998432690584902,0.999174731708868,0.999849500459041,0.999401806756584,0.99997730081748,0.999650184453971,0.997575468535756,0.995724101945851,0.999449703920831,0.999950572729575,0.999447938833909,0.994712916924258,0.999560802005564,0.999816543223169,0.999754121515749,0.999738824591209,0.993364947046855,0.999288572898119,0.99946677065001,0.99684774161859,0.00322740492033359,7.86851199984429e-05,0.00230394757248743,0.000136822303930156,0.00131647964141275,0.000178872887429077,0.000271264906315616,1.37158640722407e-05,0.000344203219669504,0.00411672036311406,0.0216077405668206,0.000571976907629665,2.81063172339671e-05,0.00146232174054546,0.000822687586419905,0.000144447851773009,0.000581368830572726,2.25762284492593e-05,0.000347460310508872,0.00241523435679388,0.00405728365600739,0.000548363927102194,4.92326357317517e-05,0.000543439256196757,0.00519143114902077,0.00043821578284447,0.000182877732330144,0.000245342086844594,0.000259432603247518,0.00630206424993948,0.000689182966175769,0.000524440612324662,0.00297109252896691
7.13853474872922e-06,1.18034793518762e-05,4.39688094983066e-06,3.6551702572518e-05,1.4251241542181e-05,9.40040013908526e-08,5.4819426089892e-08,2.13264661632462e-08,1.34006444620654e-06,0.000146774633794872,1.62028251531606e-05,1.70224858616102e-05,0.00117094076716495,9.93741960186183e-07,2.06316561112293e-05,1.09970825223401e-06,0.000200510806808713,3.98814609890505e-05,2.47331447531501e-06,7.57822089544057e-06,4.14657248376363e-06,6.91360232647145e-05,0.000671319271284004,1.61269375204455e-05,0.000717814370572151,8.19840065822591e-06,0.000106880110006941,1.09335009822107e-05,1.62431314032333e-05,0.000469295607391896,0.000114608481301014,3.65686725404367e-05,8.0983943791625e-06,0.998556780097337,0.999608742753149,0.999493563708704,0.998030982732001,0.999554895078789,0.999984339312729,0.999993432107477,0.999992525045882,0.999689573615682,0.995575533981167,0.999423895252751,0.999292737556693,0.993262162831993,0.999883405794404,0.998508416836903,0.99992080017992,0.997925133846884,0.997236598623747,0.999924056722425,0.997967789834577,0.999448993749394,0.998657241282338,0.994652405526634,0.998895484767978,0.995083819293094,0.998410006492729,0.994230757213638,0.999321073418875,0.999219758404633,0.998805325351291,0.996464160805475,0.998087011445502,0.998853116822129,0.00143608136791448,0.000379453767499014,0.000502039410346528,0.00193246556542678,0.000430853679668328,1.55666832694005e-05,6.51307309737177e-06,7.45362765156557e-06,0.000309086319871239,0.00427769138503847,0.000559901922096041,0.000690239957445629,0.00556689640084232,0.000115600463635882,0.00147095150698589,7.81001118279767e-05,0.00187435534630708,0.00272351991526365,7.34699630999236e-05,0.00202463194452797,0.000546859678122509,0.00127362269439728,0.00467627520208202,0.00108838829450108,0.0041983663363335,0.00158179510661276,0.00566236267635489,0.000667993080142547,0.000763998463963451,0.000725379041317096,0.00342123071322401,0.00187641988195722,0.00113878478349233
0.000120396386429921,5.5973381640635e-06,3.04845460664209e-06,0.000803635228429712,7.38154374426002e-05,3.2261229911216e-06,5.38808896552553e-07,1.62798238006566e-05,5.91662183268624e-05,6.71458369378229e-05,0.0010785058765401,1.78164037671547e-06,3.35202241200078e-06,2.8221925407307e-07,1.69411495630125e-06,1.67774919413234e-05,1.93307006818712e-06,5.32365047600821e-05,5.85754757532325e-05,1.0520489316499e-05,8.04995290793337e-06,1.17025951952164e-05,1.82596183478878e-05,1.55791089939813e-05,1.44725601840289e-06,4.48615301316884e-05,3.7774715552513e-05,5.44606592811354e-07,1.55470497251031e-05,3.26547535056971e-05,1.73008691980051e-05,0.00702762936096771,4.88849260934924e-05,0.36386573596473,0.649532028431098,0.152905095229724,0.635694400901895,0.0614632235467852,0.0633410701281625,0.684727520730053,0.117775150906237,0.308845371514262,0.196639318449475,0.45608331173129,0.430587880372521,0.28665015694359,0.148687409671618,0.290864893069682,0.534416260491465,0.239226813512221,0.100443980316613,0.835455709303167,0.0922893772589165,0.560536006529545,0.584883416717928,0.567921479201148,0.240424323354228,0.0292267822671499,0.0841221577438567,0.591348064298975,0.619727499848137,0.09256939322036,0.136512003607571,0.533887396825118,0.529271415509076,0.347425214689476,0.63601386764884,0.350462374230738,0.847091856315669,0.363501963869675,0.938462961015772,0.936655703748846,0.315271940461051,0.882208569269962,0.691095462267411,0.803293535713587,0.54283818239217,0.569410337987103,0.713346491033998,0.851312308109128,0.709133412815362,0.465566962016593,0.760771253417711,0.899502783178626,0.16448571522108,0.907700102251767,0.439455943517547,0.415104880686877,0.432060261180504,0.759560097536778,0.970771770476832,0.915832980726012,0.408614160985472,0.38027195554527,0.907415059729915,0.863455341638923,0.466095302305684,0.463700955129956,0.652525900384431
2.63363152634975e-06,3.04451650803226e-06,6.03465010771135e-06,5.17071728353738e-06,6.52584664299155e-06,1.30108989051135e-05,0.00012747489805548,4.07019045426737e-06,2.48515667386732e-06,2.93532546264689e-06,7.42572128447524e-06,1.36222063195503e-05,5.18931462163321e-05,2.37416198946498e-06,1.40606520851194e-05,5.33554020222151e-07,2.49496870426339e-06,0.000244062099667742,2.55868288975526e-05,6.80089761324048e-05,1.15465878953177e-05,5.9968956566496e-07,3.251331772707e-06,1.46487728918527e-05,1.64503466950344e-06,3.28181342234091e-06,6.49947143689983e-05,8.10390883449618e-06,1.44570854973769e-07,2.14393591405637e-06,3.29990423025101e-07,3.63370445924954e-05,0.000100511002962271,0.893249236710924,0.631534513773772,0.808484974992594,0.660400307567856,0.809444097945614,0.97317526657298,0.87973008096144,0.461972232838285,0.984866089764162,0.921110670656347,0.356252899061786,0.939596691054387,0.921405811315334,0.584087535673059,0.941805115035857,0.997377836781019,0.890328617633988,0.74363315283903,0.272676576815343,0.310283456387589,0.740378300078905,0.195289681314407,0.254749943614766,0.890002608991638,0.619640598232524,0.978613524235209,0.916650150857357,0.694446932083683,0.469642848184237,0.908044153703562,0.277443787207455,0.905989838049908,0.875158530812502,0.106748129657549,0.36846244170972,0.191508990357298,0.33959452171486,0.190549376207743,0.0268117225281143,0.120142444140505,0.538023696971261,0.0151314250791638,0.0788863940181905,0.643739675216929,0.060389686739293,0.0785422955384496,0.415910090164952,0.0581808243120575,0.00262162966496026,0.109668887397308,0.256122785061303,0.72729783635576,0.689648534636279,0.2596101533332,0.804709718996027,0.745246805053461,0.10998274223547,0.380357756732806,0.0213831939513688,0.083284854428274,0.305544964007482,0.530357007244908,0.0919537023605243,0.722555882802122,0.0939738249054998,0.124740958184536
3.10552828791591e-06,3.32036035631966e-07,6.69180294081896e-07,0.000338184081734699,6.39443545164396e-05,3.48592378417235e-05,0.000142523364207747,2.12651875165014e-06,2.93836623576264e-05,6.71309069715382e-05,4.3091595075541e-06,1.98841355952302e-05,1.07482505289016e-05,5.1986717871492e-05,1.81137260518216e-06,0.000493280348069294,0.000102856836461319,0.000367683073523941,1.75518983525472e-05,2.32513988625059e-05,8.55867288322733e-06,1.91186544419888e-05,3.81168245816931e-06,7.48870202783273e-06,1.87311881162637e-07,1.37367121902154e-06,1.34151941036005e-06,7.94686628521266e-06,2.08731661815449e-05,4.94266811053826e-06,3.2299170274551e-06,1.01315809593614e-06,0.000116467070093098,0.044648656918319,0.0217954085548366,0.197988503725312,0.113803180518112,0.0308250363803467,0.556222350518647,0.258565222653687,0.341347449755503,0.164427701646469,0.0727529940458856,0.170877098244275,0.188113144537665,0.015055901338279,0.307188458803227,0.0189464715114205,0.184488286419588,0.405683950939678,0.416493495497973,0.237379766510109,0.0427960838137642,0.0443509809096712,0.0971433045344968,0.249677916300896,0.0803416598907044,0.0209849138522478,0.819937293626735,0.0480998368000564,0.470452990704418,0.101513113666745,0.0539224172569161,0.0136473546689853,0.249378854578927,0.393420052959013,0.955348237553393,0.978204259409128,0.802010827094394,0.885858635400153,0.969111019265137,0.443742790243511,0.741292253982105,0.658650423725745,0.835542914691173,0.927179875047143,0.829118592596218,0.811866971326739,0.984933350411192,0.692759554478901,0.981051717115974,0.815018433232343,0.594213192223861,0.583138821428503,0.762602681591539,0.957180664787373,0.955640460417446,0.902837576811061,0.750318272016646,0.919650851407268,0.979014898835871,0.180061332702046,0.951898821680533,0.529539062429297,0.898466013167074,0.946072640074973,0.986349415413987,0.750620132262977,0.606463479970894
1.95480835975702e-06,1.95650381837697e-07,8.33166999949768e-07,0.000959617044587291,9.76107515102511e-07,4.4903568549672e-05,5.80420475588792e-07,2.11324234217597e-05,1.5520666447382e-05,4.23210844824253e-05,8.05888241380001e-08,3.49730519049224e-05,1.74563864698596e-05,3.37349881600545e-06,0.000126186773122429,2.14586204496166e-06,1.69865879470448e-05,4.07492056959402e-05,3.62749760964363e-05,1.86605755001824e-05,9.88342195781558e-06,2.606427124764e-07,8.04871582783337e-06,7.10822103196563e-07,8.00413323171943e-05,3.17537284748273e-05,4.6131476208476e-05,4.87314385424889e-05,1.10822272101201e-06,0.000150737461566327,1.05136068408235e-05,1.22729870350063e-06,2.25982690674669e-06,0.0676388993095265,0.00975329348133215,0.0679136647219135,0.185388754361536,0.0109451302123362,0.314598043870465,0.0713265095897601,0.016189773151635,0.0210133768927275,0.396593112218631,0.00530745052952534,0.0191317550318571,0.808144858657634,0.0130345807577764,0.204674914564319,0.00812875440182719,0.291451741807884,0.0487086669456557,0.496851478337136,0.027578639273775,0.0216289732745345,0.0163961433216383,0.276586996853331,0.0747843628431707,0.753144068539455,0.181521479903265,0.0584317688604441,0.0452033691024828,0.0685850927158395,0.244934469890877,0.0405613430709447,0.00804846365991563,0.0118471884246454,0.932359145882114,0.990246510868286,0.932085502111087,0.813651628593877,0.989053893680149,0.685357052560985,0.928672909989764,0.983789094424943,0.978971102440825,0.603364566696886,0.994692468881651,0.980833271916238,0.191837684955896,0.986962045743408,0.795198898662558,0.991869099736128,0.708531271604169,0.951250583848648,0.503112246686768,0.972402700150725,0.978361143303508,0.983603596035649,0.723404954430842,0.925214926334726,0.246775890128228,0.81844676636826,0.941522099663347,0.954747899458975,0.93141379906144,0.754914792647557,0.959428143322214,0.991950309041381,0.988150551748448
1.28329587557578e-05,3.46656477686212e-06,1.53355597647853e-06,0.000490457188124352,4.00766693928471e-05,1.15377672238362e-05,2.47628508412991e-06,2.54643718342817e-05,2.95534733150683e-06,1.79524205020667e-06,5.08444444934249e-06,3.97593507896233e-06,1.12112223352487e-06,2.18565175323469e-06,7.59851709298919e-06,1.45601352670013e-05,2.98407741790319e-06,1.61054050854642e-05,7.56264593796266e-06,1.83490150949067e-05,9.62969565960385e-06,5.22449244251419e-05,4.15479297556729e-05,0.000189061884654614,2.39993557040188e-06,0.000819094903271923,5.87635169531844e-05,2.04421373445315e-07,1.24281657374625e-06,6.50088462481976e-07,3.10628766306088e-06,5.19873515469553e-05,2.68164205295589e-06,0.000244068734929358,5.78707918758729e-05,2.57562414732544e-05,0.00258487816186902,0.000386895835598869,0.000214359702787615,4.7707094042076e-05,0.000157330778887748,2.9475850971782e-05,2.06609316781017e-05,8.8379396145942e-05,7.84693119373134e-05,4.46084949446321e-05,4.84207529235307e-05,6.35235575150311e-05,0.000530643847575718,3.0511798064539e-05,0.000721878357340662,7.96070478473565e-05,0.000130708469358207,6.26563517491883e-05,0.000428452087450908,0.000301121080650631,0.00266548610770577,3.25534450221042e-05,0.00768457220382624,0.00103399856179986,5.35618968512392e-06,3.07625873794237e-05,9.96211713287502e-06,3.72243580673791e-05,0.000634841987698738,2.93042155145649e-05,0.999743098306315,0.999938662643347,0.99997271020255,0.996924664650007,0.999573027495008,0.999774102529989,0.999949816620874,0.999817204849278,0.999967568801697,0.999977543826272,0.999906536159405,0.999917554752984,0.999954270382822,0.999949393595323,0.999928877925392,0.999454796017157,0.999966504124517,0.999262016237574,0.999912830306215,0.999850942515547,0.999927713952591,0.999519302988124,0.999657330989594,0.997145452007639,0.999965046619407,0.991496332892902,0.998907237921247,0.999994439388942,0.999967994596047,0.999989387794405,0.99995966935427,0.999313170660754,0.999968014142433
2.06477073829586e-06,9.06596807585687e-07,1.24224635777315e-05,0.000100533328744084,6.37901640348307e-06,2.68218099939159e-06,2.5600109522207e-06,NaN,1.65474191787596e-06,1.20850489559648e-06,3.88549352993951e-06,3.83079005588247e-06,2.90481810113201e-05,0.00022819893637448,1.13582467103307e-05,0.000304902483069133,NaN,4.89141055315736e-07,1.04911796793816e-05,6.44705077899238e-05,1.1811231419325e-05,6.71631603262439e-05,1.40736216042226e-06,2.1505218361171e-05,3.32412754816313e-06,0.00095601581151394,2.48623662654213e-06,2.35380727953589e-06,1.78339791535702e-05,2.19421360739248e-06,4.65155504376925e-06,9.26113599402592e-06,7.57181334038678e-05,3.31101742555868e-05,1.06316606949238e-05,8.18130642015605e-05,0.000584216862095952,6.28643863818163e-05,2.40405243301818e-05,5.19754636904663e-05,NaN,1.68063042462e-05,1.52539766627327e-05,2.61763264042184e-05,3.66077973445095e-05,0.000248458329471305,0.00110486057636998,0.000101780083351855,0.00139021303771864,NaN,1.91807238434432e-05,8.67537933560687e-05,0.00026135159291858,9.33583996533519e-05,0.000568648790233452,1.29789868475104e-05,0.000265497291680773,4.12341731281054e-05,0.00779157930119798,7.24323490853949e-05,5.11221531349167e-05,0.000193920120946919,2.25484035768675e-05,3.76413820943495e-05,8.71150306100963e-05,0.000305767039602115,0.999964825055006,0.999988461742498,0.999905764472221,0.99931524980916,0.999930756597215,0.999973277294671,0.999945464525357,NaN,0.999981538953836,0.999983537518442,0.999969938180066,0.9999595614126,0.999722493489517,0.998666940487255,0.999886861669938,0.998304884479212,NaN,0.999980330135101,0.999902755026964,0.999674177899292,0.999894830368927,0.99936418804944,0.999985613650992,0.999712997489958,0.999955441699324,0.991252404887288,0.999925081414288,0.999946524039586,0.9997882458999,0.999975257382816,0.999957707062862,0.999903623833396,0.999618514826994
1.06058243687219e-06,1.35752612930954e-06,NaN,NaN,2.43626082383493e-05,NaN,1.24576816615862e-05,NaN,8.43091932162766e-05,2.30205946305494e-06,NaN,4.20007595999156e-06,1.30028978325112e-05,8.00843034738997e-06,3.18135305349114e-05,4.71209795874467e-05,NaN,3.46685512842644e-06,1.24449812710402e-05,NaN,1.44694580392754e-05,NaN,2.79390660382561e-06,3.00373274438795e-05,NaN,3.69728643200796e-06,1.89435641759227e-07,7.28128832108394e-06,5.87215896664296e-05,9.87715761629578e-06,4.6899374830552e-06,NaN,NaN,1.20217199453839e-05,2.3809372880325e-05,NaN,NaN,0.000167561552752488,NaN,8.4476150734604e-05,NaN,0.000469301934426928,2.00631310817094e-05,NaN,3.11584084639042e-05,0.000285522047265558,0.000147737496959451,0.000218846877225735,0.00041778841118884,NaN,6.79853210793008e-05,8.5837760011415e-05,NaN,8.52120624042475e-05,NaN,2.51208174683495e-05,0.000159734275332807,NaN,2.85451052870467e-05,4.55026265966944e-06,6.08689779208809e-05,0.00043781122499988,8.75585293114032e-05,3.78105409854115e-05,NaN,NaN,0.999986917697618,0.99997483310099,NaN,NaN,0.999808075839009,NaN,0.999903066167604,NaN,0.999446388872357,0.999977634809455,NaN,0.999964641515576,0.999701475054902,0.999844254072693,0.999749339592239,0.999535090609224,NaN,0.999928547823792,0.999901717258717,NaN,0.999900318479556,NaN,0.999972085275928,0.999810228397223,NaN,0.999967757608281,0.999995260301698,0.999931849733758,0.999503467185334,0.999902564313072,0.999957499521532,NaN,NaN
9.53872765226033e-06,6.33014644748584e-06,NaN,NaN,NaN,NaN,1.78003368001213e-05,NaN,NaN,0.000177858055701194,NaN,NaN,3.91661561559493e-06,8.43701305782242e-05,NaN,9.13900451812901e-05,NaN,9.76979445493614e-05,3.36059299664028e-05,NaN,3.23359710252139e-05,NaN,NaN,NaN,NaN,NaN,3.3415785786478e-05,3.03625075625804e-05,NaN,0.000169189801205257,1.41947177113363e-05,NaN,NaN,7.75322615299978e-05,7.81552250334779e-05,NaN,NaN,NaN,NaN,0.000164174349375468,NaN,NaN,0.00127829114895027,NaN,NaN,3.64942855619979e-05,0.000819414806198947,NaN,0.000920661142690277,NaN,0.00122816342610358,0.000364520085773448,NaN,0.00019396915770703,NaN,NaN,NaN,NaN,NaN,0.000468959210728548,0.000306881145157785,NaN,0.00162657066418289,0.000112707749912644,NaN,NaN,0.999912929010818,0.999915514628519,NaN,NaN,NaN,NaN,0.999818025313824,NaN,NaN,0.998543850795348,NaN,NaN,0.999959589098822,0.999096215063223,NaN,0.998987948812128,NaN,0.998674138629347,0.99960187398426,NaN,0.999773694871268,NaN,NaN,NaN,NaN,NaN,0.999497625003485,0.99966275634728,NaN,0.998204239534612,0.999873097532376,NaN,NaN
NaN,9.61629339484343e-06,NaN,NaN,NaN,NaN,NaN,NaN,NaN,NaN,NaN,NaN,4.67171653563542e-06,4.10701266967167e-06,NaN,6.72595692694996e-05,NaN,4.46541764987659e-05,0.00023566082778845,NaN,NaN,NaN,NaN,NaN,NaN,NaN,2.14073059008102e-05,NaN,NaN,0.000135905916235731,3.98739152129268e-05,NaN,NaN,NaN,9.26259281870851e-05,NaN,NaN,NaN,NaN,NaN,NaN,NaN,NaN,NaN,NaN,5.70373257723743e-05,4.78172999527535e-05,NaN,0.000364239542343695,NaN,0.000849881686312676,0.00110189621006447,NaN,NaN,NaN,NaN,NaN,NaN,NaN,0.000210988490150442,NaN,NaN,0.000705280663971867,0.000245399513130311,NaN,NaN,NaN,0.999897757778418,NaN,NaN,NaN,NaN,NaN,NaN,NaN,NaN,NaN,NaN,0.999938290957692,0.999948075687377,NaN,0.999568500888387,NaN,0.999105464137188,0.998662442962147,NaN,NaN,NaN,NaN,NaN,NaN,NaN,0.999767604203949,NaN,NaN,0.999158813419793,0.999714726571657,NaN,NaN
NaN,0.000263332224867306,NaN,NaN,NaN,NaN,NaN,NaN,NaN,NaN,NaN,NaN,0.000112041461936885,NaN,NaN,0.000509136544780852,NaN,NaN,0.000305208484886465,NaN,NaN,NaN,NaN,NaN,NaN,NaN,0.00321228970905605,NaN,NaN,NaN,0.000161726156542599,NaN,NaN,NaN,0.00258910176942338,NaN,NaN,NaN,NaN,NaN,NaN,NaN,NaN,NaN,NaN,0.000783013222214177,NaN,NaN,0.00317594433903845,NaN,NaN,0.00164153845377659,NaN,NaN,NaN,NaN,NaN,NaN,NaN,0.0193474241503074,NaN,NaN,NaN,0.000944058304724697,NaN,NaN,NaN,0.997147566005709,NaN,NaN,NaN,NaN,NaN,NaN,NaN,NaN,NaN,NaN,0.999104945315849,NaN,NaN,0.996314919116181,NaN,NaN,0.998053253061337,NaN,NaN,NaN,NaN,NaN,NaN,NaN,0.977440286140636,NaN,NaN,NaN,0.998894215538733,NaN,NaN
NaN,0.000199572852827855,NaN,NaN,NaN,NaN,NaN,NaN,NaN,NaN,NaN,NaN,NaN,NaN,NaN,NaN,NaN,NaN,NaN,NaN,NaN,NaN,NaN,NaN,NaN,NaN,NaN,NaN,NaN,NaN,NaN,NaN,NaN,NaN,0.00217324774917537,NaN,NaN,NaN,NaN,NaN,NaN,NaN,NaN,NaN,NaN,NaN,NaN,NaN,NaN,NaN,NaN,NaN,NaN,NaN,NaN,NaN,NaN,NaN,NaN,NaN,NaN,NaN,NaN,NaN,NaN,NaN,NaN,0.997627179397997,NaN,NaN,NaN,NaN,NaN,NaN,NaN,NaN,NaN,NaN,NaN,NaN,NaN,NaN,NaN,NaN,NaN,NaN,NaN,NaN,NaN,NaN,NaN,NaN,NaN,NaN,NaN,NaN,NaN,NaN,NaN
NaN,0.000398442789385868,NaN,NaN,NaN,NaN,NaN,NaN,NaN,NaN,NaN,NaN,NaN,NaN,NaN,NaN,NaN,NaN,NaN,NaN,NaN,NaN,NaN,NaN,NaN,NaN,NaN,NaN,NaN,NaN,NaN,NaN,NaN,NaN,0.00496705499579049,NaN,NaN,NaN,NaN,NaN,NaN,NaN,NaN,NaN,NaN,NaN,NaN,NaN,NaN,NaN,NaN,NaN,NaN,NaN,NaN,NaN,NaN,NaN,NaN,NaN,NaN,NaN,NaN,NaN,NaN,NaN,NaN,0.994634502214824,NaN,NaN,NaN,NaN,NaN,NaN,NaN,NaN,NaN,NaN,NaN,NaN,NaN,NaN,NaN,NaN,NaN,NaN,NaN,NaN,NaN,NaN,NaN,NaN,NaN,NaN,NaN,NaN,NaN,NaN,NaN
NaN,0.000859675255026112,NaN,NaN,NaN,NaN,NaN,NaN,NaN,NaN,NaN,NaN,NaN,NaN,NaN,NaN,NaN,NaN,NaN,NaN,NaN,NaN,NaN,NaN,NaN,NaN,NaN,NaN,NaN,NaN,NaN,NaN,NaN,NaN,0.00711702936870259,NaN,NaN,NaN,NaN,NaN,NaN,NaN,NaN,NaN,NaN,NaN,NaN,NaN,NaN,NaN,NaN,NaN,NaN,NaN,NaN,NaN,NaN,NaN,NaN,NaN,NaN,NaN,NaN,NaN,NaN,NaN,NaN,0.992023295376271,NaN,NaN,NaN,NaN,NaN,NaN,NaN,NaN,NaN,NaN,NaN,NaN,NaN,NaN,NaN,NaN,NaN,NaN,NaN,NaN,NaN,NaN,NaN,NaN,NaN,NaN,NaN,NaN,NaN,NaN,NaN
NaN,0.00167135713837097,NaN,NaN,NaN,NaN,NaN,NaN,NaN,NaN,NaN,NaN,NaN,NaN,NaN,NaN,NaN,NaN,NaN,NaN,NaN,NaN,NaN,NaN,NaN,NaN,NaN,NaN,NaN,NaN,NaN,NaN,NaN,NaN,0.0127812136824822,NaN,NaN,NaN,NaN,NaN,NaN,NaN,NaN,NaN,NaN,NaN,NaN,NaN,NaN,NaN,NaN,NaN,NaN,NaN,NaN,NaN,NaN,NaN,NaN,NaN,NaN,NaN,NaN,NaN,NaN,NaN,NaN,0.985547429179147,NaN,NaN,NaN,NaN,NaN,NaN,NaN,NaN,NaN,NaN,NaN,NaN,NaN,NaN,NaN,NaN,NaN,NaN,NaN,NaN,NaN,NaN,NaN,NaN,NaN,NaN,NaN,NaN,NaN,NaN,NaN
